lr-Adam,step,train_loss,L_comp,L_IC,L_phys,L_obs,L_ae,N_steps,epoch,val_loss
2.4597549999999995e-06,49,,,,,,,,,
2.4597549999999995e-06,49,,,,,,,,,
2.4597549999999995e-06,49,,,,,,,,,
,49,8.767208099365234,0.8874349594116211,5.306146144866943,0.8046244978904724,0.7598708868026733,1.0091314315795898,6.0,0,
,68,,,,,,,,0,7.04429292678833
4.959504999999999e-06,99,,,,,,,,,
4.959504999999999e-06,99,,,,,,,,,
4.959504999999999e-06,99,,,,,,,,,
,99,8.472413063049316,0.8987675309181213,5.244988441467285,0.7225432395935059,0.665868878364563,0.9402448534965515,6.0,1,
