lr-Adam,step,train_loss,L_comp,L_IC,L_phys,L_obs,N_steps,lambda_reg,epoch,val_loss
2.4597549999999995e-06,49,,,,,,,,,
2.4597549999999995e-06,49,,,,,,,,,
2.4597549999999995e-06,49,,,,,,,,,
,49,2.9201431274414062,0.00022062037896830589,1.1129803657531738,0.8552823662757874,0.951659619808197,6.0,1.0,0,
,68,,,,,,,,0,1.1067668199539185
4.959504999999999e-06,99,,,,,,,,,
4.959504999999999e-06,99,,,,,,,,,
4.959504999999999e-06,99,,,,,,,,,
,99,2.581608295440674,0.004032168537378311,1.0514447689056396,0.7841016054153442,0.7420297861099243,6.0,1.0,1,
,137,,,,,,,,1,0.9953120946884155
7.459254999999993e-06,149,,,,,,,,,
7.459254999999993e-06,149,,,,,,,,,
7.459254999999993e-06,149,,,,,,,,,
,149,2.303081512451172,0.00034295208752155304,0.9404747486114502,0.7694666981697083,0.592797040939331,6.0,1.0,2,
9.959004999999994e-06,199,,,,,,,,,
9.959004999999994e-06,199,,,,,,,,,
9.959004999999994e-06,199,,,,,,,,,
,199,2.1691079139709473,0.0006399281555786729,0.862514078617096,0.7440875768661499,0.561866283416748,6.0,1.0,2,
,206,,,,,,,,2,0.908336877822876
1.2458755000000009e-05,249,,,,,,,,,
1.2458755000000009e-05,249,,,,,,,,,
1.2458755000000009e-05,249,,,,,,,,,
,249,2.05462384223938,0.016047392040491104,0.8349041938781738,0.7278416156768799,0.47583064436912537,6.0,1.0,3,
,275,,,,,,,,3,0.8982489109039307
1.4958504999999994e-05,299,,,,,,,,,
1.4958504999999994e-05,299,,,,,,,,,
1.4958504999999994e-05,299,,,,,,,,,
,299,2.049858570098877,0.02322745881974697,0.9129791259765625,0.7257825136184692,0.38786953687667847,6.0,1.0,4,
,344,,,,,,,,4,0.8870190978050232
1.7458254999999992e-05,349,,,,,,,,,
1.7458254999999992e-05,349,,,,,,,,,
1.7458254999999992e-05,349,,,,,,,,,
,349,1.9034847021102905,0.0013465280644595623,0.8357746005058289,0.7057820558547974,0.36058151721954346,6.0,1.0,5,
1.9958005000000005e-05,399,,,,,,,,,
1.9958005000000005e-05,399,,,,,,,,,
1.9958005000000005e-05,399,,,,,,,,,
,399,1.9319225549697876,0.0011971360072493553,0.8787692189216614,0.7314407825469971,0.32051536440849304,6.0,1.0,5,
,413,,,,,,,,5,0.9260789752006531
2.2457754999999994e-05,449,,,,,,,,,
2.2457754999999994e-05,449,,,,,,,,,
2.2457754999999994e-05,449,,,,,,,,,
,449,2.324974775314331,0.4050038158893585,0.8877483010292053,0.7376172542572021,0.29460540413856506,6.0,1.0,6,
,482,,,,,,,,6,1.5624607801437378
2.4957504999999976e-05,499,,,,,,,,,
2.4957504999999976e-05,499,,,,,,,,,
2.4957504999999976e-05,499,,,,,,,,,
,499,2.8442914485931396,0.8337329626083374,0.8788426518440247,0.7791769504547119,0.3525388836860657,6.0,1.0,7,
2.745725499999997e-05,549,,,,,,,,,
2.745725499999997e-05,549,,,,,,,,,
2.745725499999997e-05,549,,,,,,,,,
,549,6.1002020835876465,0.14097845554351807,0.8950691223144531,3.176992893218994,1.8871618509292603,6.0,1.0,7,
,551,,,,,,,,7,1.8156464099884033
2.9957004999999947e-05,599,,,,,,,,,
2.9957004999999947e-05,599,,,,,,,,,
2.9957004999999947e-05,599,,,,,,,,,
,599,2.759906530380249,0.4710482358932495,1.0468806028366089,0.8641597628593445,0.37781786918640137,6.0,1.0,8,
,620,,,,,,,,8,1.9099605083465576
3.245675499999995e-05,649,,,,,,,,,
3.245675499999995e-05,649,,,,,,,,,
3.245675499999995e-05,649,,,,,,,,,
,649,428.4284362792969,408.6357421875,5.2027387619018555,8.85385513305664,5.736110210418701,6.0,1.0,9,
,689,,,,,,,,9,299.0086669921875
3.495650499999994e-05,699,,,,,,,,,
3.495650499999994e-05,699,,,,,,,,,
3.495650499999994e-05,699,,,,,,,,,
,699,120.26239013671875,108.73007202148438,4.152764797210693,3.7338180541992188,3.645740509033203,6.0,1.0,10,
3.745625499999992e-05,749,,,,,,,,,
3.745625499999992e-05,749,,,,,,,,,
3.745625499999992e-05,749,,,,,,,,,
,749,2643.649658203125,26.50851058959961,346.5663757324219,1365.4439697265625,905.1307983398438,7.0,1.0,10,
,758,,,,,,,,10,1843.059814453125
3.9956004999999894e-05,799,,,,,,,,,
3.9956004999999894e-05,799,,,,,,,,,
3.9956004999999894e-05,799,,,,,,,,,
,799,3442069.5,3360009.5,38886.16796875,21670.6640625,21503.109375,7.0,1.0,11,
,827,,,,,,,,11,663099.5
4.245575499999985e-05,849,,,,,,,,,
4.245575499999985e-05,849,,,,,,,,,
4.245575499999985e-05,849,,,,,,,,,
,849,22343556.0,22334150.0,3573.61962890625,3018.291748046875,2814.108642578125,7.0,1.0,12,
,896,,,,,,,,12,16972612.0
4.495550499999983e-05,899,,,,,,,,,
4.495550499999983e-05,899,,,,,,,,,
4.495550499999983e-05,899,,,,,,,,,
,899,79875104.0,76331312.0,1986738.875,761407.6875,795650.25,7.0,1.0,13,
4.7455254999999786e-05,949,,,,,,,,,
4.7455254999999786e-05,949,,,,,,,,,
4.7455254999999786e-05,949,,,,,,,,,
,949,434779808.0,428843104.0,3808030.5,979699.3125,1148971.0,7.0,1.0,13,
,965,,,,,,,,13,13017472.0
4.9955004999999796e-05,999,,,,,,,,,
4.9955004999999796e-05,999,,,,,,,,,
4.9955004999999796e-05,999,,,,,,,,,
,999,11074435072.0,10934021120.0,79123056.0,31293464.0,29997014.0,7.0,1.0,14,
,1034,,,,,,,,14,12782265171968.0
5.245475499999979e-05,1049,,,,,,,,,
5.245475499999979e-05,1049,,,,,,,,,
5.245475499999979e-05,1049,,,,,,,,,
,1049,3553027162112.0,2899952009216.0,310556622848.0,169921069056.0,172597805056.0,7.0,1.0,15,
5.4954504999999814e-05,1099,,,,,,,,,
5.4954504999999814e-05,1099,,,,,,,,,
5.4954504999999814e-05,1099,,,,,,,,,
,1099,539730411520.0,538853310464.0,209253984.0,326072256.0,341769024.0,7.0,1.0,15,
,1103,,,,,,,,15,650202240.0
5.745425499999982e-05,1149,,,,,,,,,
5.745425499999982e-05,1149,,,,,,,,,
5.745425499999982e-05,1149,,,,,,,,,
,1149,399697641472.0,78502838272.0,36635357184.0,261393563648.0,23165853696.0,7.0,1.0,16,
,1172,,,,,,,,16,18147164160.0
5.995400499999984e-05,1199,,,,,,,,,
5.995400499999984e-05,1199,,,,,,,,,
5.995400499999984e-05,1199,,,,,,,,,
,1199,1.0322193171328532e+20,1.0321116529542614e+20,5473327544008704.0,2770699240341504.0,2527081984425984.0,7.0,1.0,17,
,1241,,,,,,,,17,1.5432604547284992e+16
6.245375499999984e-05,1249,,,,,,,,,
6.245375499999984e-05,1249,,,,,,,,,
6.245375499999984e-05,1249,,,,,,,,,
,1249,3.5489835488957845e+22,3.548980846736008e+22,7008876062834688.0,9952729862504448.0,1.0567158220193792e+16,7.0,1.0,18,
6.495350499999981e-05,1299,,,,,,,,,
6.495350499999981e-05,1299,,,,,,,,,
6.495350499999981e-05,1299,,,,,,,,,
,1299,1.2960029544386347e+24,1.2960029544386347e+24,6775361375305728.0,1.0413356515065856e+16,7367548244852736.0,7.0,1.0,18,
,1310,,,,,,,,18,1.5472001208549376e+16
6.745325499999981e-05,1349,,,,,,,,,
6.745325499999981e-05,1349,,,,,,,,,
6.745325499999981e-05,1349,,,,,,,,,
,1349,5.785991704780525e+19,5.784056124510988e+19,7595700128841728.0,9586285400293376.0,2171673709117440.0,7.0,1.0,19,
,1379,,,,,,,,19,1.5341760620265472e+16
6.995300499999984e-05,1399,,,,,,,,,
6.995300499999984e-05,1399,,,,,,,,,
6.995300499999984e-05,1399,,,,,,,,,
,1399,4.023455108497832e+22,4.023452856698018e+22,7516415569428480.0,1.0745731149201408e+16,3958626796437504.0,7.0,1.0,20,
,1448,,,,,,,,20,1.5634143740166144e+16
7.245275499999987e-05,1449,,,,,,,,,
7.245275499999987e-05,1449,,,,,,,,,
7.245275499999987e-05,1449,,,,,,,,,
,1449,1.2985974601695644e+24,1.2985974601695644e+24,6774310182060032.0,1.0641510546538496e+16,1.0444733398646784e+16,7.0,1.0,21,
7.495250499999989e-05,1499,,,,,,,,,
7.495250499999989e-05,1499,,,,,,,,,
7.495250499999989e-05,1499,,,,,,,,,
,1499,4.000560159072168e+22,4.0005579072723545e+22,7542854314360832.0,9967346709954560.0,2966743827873792.0,7.0,1.0,21,
,1517,,,,,,,,21,1.5073458308251648e+16
7.74522549999999e-05,1549,,,,,,,,,
7.74522549999999e-05,1549,,,,,,,,,
7.74522549999999e-05,1549,,,,,,,,,
,1549,1.2934604742906005e+24,1.2934604742906005e+24,7584889696157696.0,1.0357956805656576e+16,2000764746596352.0,7.0,1.0,22,
,1586,,,,,,,,22,1.5672084407517184e+16
7.995200499999991e-05,1599,,,,,,,,,
7.995200499999991e-05,1599,,,,,,,,,
7.995200499999991e-05,1599,,,,,,,,,
,1599,5.9679916655030305e+19,5.96575349963353e+19,6800341978841088.0,1.0215646285529088e+16,5365184025591808.0,7.0,1.0,23,
8.245175499999988e-05,1649,,,,,,,,,
8.245175499999988e-05,1649,,,,,,,,,
8.245175499999988e-05,1649,,,,,,,,,
,1649,9.766670418952847e+18,9.733576218468418e+18,6806928311189504.0,9601343555633152.0,1.668615732461568e+16,8.0,1.0,23,
,1655,,,,,,,,23,1.5579834952450048e+16
8.495150499999989e-05,1699,,,,,,,,,
8.495150499999989e-05,1699,,,,,,,,,
8.495150499999989e-05,1699,,,,,,,,,
,1699,2.6798821624191556e+24,2.6798818741887795e+24,3.45331244797526e+17,9433144046387200.0,3489447790247936.0,8.0,1.0,24,
,1724,,,,,,,,24,1.5467386266189824e+16
8.745125499999985e-05,1749,,,,,,,,,
8.745125499999985e-05,1749,,,,,,,,,
8.745125499999985e-05,1749,,,,,,,,,
,1749,2.9773749297948937e+23,2.977371507059177e+23,3.286418608787292e+17,1.0415669354954752e+16,7369700023468032.0,8.0,1.0,25,
,1793,,,,,,,,25,1.5439407775481856e+16
8.995100499999985e-05,1799,,,,,,,,,
8.995100499999985e-05,1799,,,,,,,,,
8.995100499999985e-05,1799,,,,,,,,,
,1799,9.56865827039504e+18,9.543796113467769e+18,6813939845300224.0,1.000007436075008e+16,8048141647478784.0,8.0,1.0,26,
9.245075499999987e-05,1849,,,,,,,,,
9.245075499999987e-05,1849,,,,,,,,,
9.245075499999987e-05,1849,,,,,,,,,
,1849,2.9858593512048895e+23,2.9858559284691727e+23,3.20629857086079e+17,1.0369740048433152e+16,8165159642071040.0,8.0,1.0,26,
,1862,,,,,,,,26,1.5438138612645888e+16
9.49505049999999e-05,1899,,,,,,,,,
9.49505049999999e-05,1899,,,,,,,,,
9.49505049999999e-05,1899,,,,,,,,,
,1899,2.9515212054860404e+23,2.9515210253420554e+23,6816648359051264.0,9749077545713664.0,4746606192623616.0,8.0,1.0,27,
,1931,,,,,,,,27,1.5601891756998656e+16
9.745025499999994e-05,1949,,,,,,,,,
9.745025499999994e-05,1949,,,,,,,,,
9.745025499999994e-05,1949,,,,,,,,,
,1949,2.709471604604514e+24,2.709471316374138e+24,2.956775402053304e+17,1.0454139377025024e+16,8135480881184768.0,8.0,1.0,28,
9.995000499999993e-05,1999,,,,,,,,,
9.995000499999993e-05,1999,,,,,,,,,
9.995000499999993e-05,1999,,,,,,,,,
,1999,4.5549941433680947e+21,4.5549679661952606e+21,6811884703449088.0,1.0049098191208448e+16,9300789260451840.0,8.0,1.0,28,
,2000,,,,,,,,28,1.5607800558256128e+16
9.999999999999994e-05,2049,,,,,,,,,
9.999999999999994e-05,2049,,,,,,,,,
9.999999999999994e-05,2049,,,,,,,,,
,2049,4.549160011525813e+21,4.5491304566532583e+21,1.0361552767025152e+16,9999023167504384.0,8989916306341888.0,8.0,1.0,29,
,2069,,,,,,,,29,1.5526186515955712e+16
9.999999999999994e-05,2099,,,,,,,,,
9.999999999999994e-05,2099,,,,,,,,,
9.999999999999994e-05,2099,,,,,,,,,
,2099,4.4880332167334666e+21,4.48801069873533e+21,1.0375639186014208e+16,9909144534384640.0,2244945314316288.0,8.0,1.0,30,
,2138,,,,,,,,30,1.554466239152128e+16
9.999999999999994e-05,2149,,,,,,,,,
9.999999999999994e-05,2149,,,,,,,,,
9.999999999999994e-05,2149,,,,,,,,,
,2149,9.15990327789722e+18,9.121231254925083e+18,1.0412849708924928e+16,9713576419786752.0,1.854567737406259e+16,8.0,1.0,31,
9.999999999999994e-05,2199,,,,,,,,,
9.999999999999994e-05,2199,,,,,,,,,
9.999999999999994e-05,2199,,,,,,,,,
,2199,4.550008377105619e+21,4.549694813981563e+21,2.966207837430088e+17,1.0301590728605696e+16,6478314994663424.0,8.0,1.0,31,
,2207,,,,,,,,31,1.496926562287616e+16
9.999999999999994e-05,2249,,,,,,,,,
9.999999999999994e-05,2249,,,,,,,,,
9.999999999999994e-05,2249,,,,,,,,,
,2249,3.001857037801235e+23,3.0018566775132648e+23,6791462670827520.0,1.0137429562359808e+16,1.1287299681681408e+16,8.0,1.0,32,
,2276,,,,,,,,32,1.54047323570176e+16
9.999999999999994e-05,2299,,,,,,,,,
9.999999999999994e-05,2299,,,,,,,,,
9.999999999999994e-05,2299,,,,,,,,,
,2299,4.488187465020704e+21,4.488159317523033e+21,6887539478626304.0,9368326547439616.0,1.2174881516945408e+16,8.0,1.0,33,
,2345,,,,,,,,33,1.5408967194771456e+16
9.999999999999994e-05,2349,,,,,,,,,
9.999999999999994e-05,2349,,,,,,,,,
9.999999999999994e-05,2349,,,,,,,,,
,2349,1.0008583867784495e+19,9.623417247993168e+18,3.653035986381701e+17,1.0203880222621696e+16,9659238641041408.0,8.0,1.0,34,
9.999999999999994e-05,2399,,,,,,,,,
9.999999999999994e-05,2399,,,,,,,,,
9.999999999999994e-05,2399,,,,,,,,,
,2399,2.9218914831056147e+23,2.921888240513883e+23,2.902579786725458e+17,9721020671852544.0,1.6597109767667712e+16,8.0,1.0,34,
,2414,,,,,,,,34,1.5619374421377024e+16
9.999999999999994e-05,2449,,,,,,,,,
9.999999999999994e-05,2449,,,,,,,,,
9.999999999999994e-05,2449,,,,,,,,,
,2449,4.526515068174464e+21,4.526486639201816e+21,1.0429849189482496e+16,9956452525408256.0,8183907174318080.0,8.0,1.0,35,
,2483,,,,,,,,35,1.5574575764996096e+16
9.999999999999994e-05,2499,,,,,,,,,
9.999999999999994e-05,2499,,,,,,,,,
9.999999999999994e-05,2499,,,,,,,,,
,2499,2.6969727825730714e+24,2.6969727825730714e+24,1.0388283569733632e+16,1.0157245467721728e+16,3796679685832704.0,8.0,1.0,36,
9.999999999999994e-05,2549,,,,,,,,,
9.999999999999994e-05,2549,,,,,,,,,
9.999999999999994e-05,2549,,,,,,,,,
,2549,2.697914142981583e+24,2.697913854751207e+24,2.6596576390545408e+17,9749051775909888.0,7560864185974784.0,8.0,1.0,36,
,2552,,,,,,,,36,1.5518059364089856e+16
9.999999999999994e-05,2599,,,,,,,,,
9.999999999999994e-05,2599,,,,,,,,,
9.999999999999994e-05,2599,,,,,,,,,
,2599,2.9772891812579886e+23,2.977286298954227e+23,2.6842769069912883e+17,1.0341496343494656e+16,3640536149786624.0,8.0,1.0,37,
,2621,,,,,,,,37,1.553676502040576e+16
9.999999999999994e-05,2649,,,,,,,,,
9.999999999999994e-05,2649,,,,,,,,,
9.999999999999994e-05,2649,,,,,,,,,
,2649,2.7612797465041293e+25,2.7612269426992183e+25,3.123938418180426e+20,1.334695053894961e+20,8.364417720268725e+19,9.0,1.0,38,
,2690,,,,,,,,38,5.629316927321979e+20
9.999999999999994e-05,2699,,,,,,,,,
9.999999999999994e-05,2699,,,,,,,,,
9.999999999999994e-05,2699,,,,,,,,,
,2699,3.247382985249527e+24,3.2462937626580497e+24,5.6524967434978224e+20,2.1730689757150917e+20,3.067272227712758e+20,9.0,1.0,39,
9.999999999999994e-05,2749,,,,,,,,,
9.999999999999994e-05,2749,,,,,,,,,
9.999999999999994e-05,2749,,,,,,,,,
,2749,4.776212989989405e+25,4.776104615367972e+25,5.624308431955134e+20,2.1629499503023437e+20,3.0442472227741054e+20,9.0,1.0,39,
,2759,,,,,,,,39,5.6602904337592195e+20
9.999999999999994e-05,2799,,,,,,,,,
9.999999999999994e-05,2799,,,,,,,,,
9.999999999999994e-05,2799,,,,,,,,,
,2799,4.778045836142715e+22,4.696485646891035e+22,5.642350626118566e+20,2.1704737764298195e+20,3.4321495154562695e+19,9.0,1.0,40,
,2828,,,,,,,,40,5.659980107597396e+20
9.999999999999994e-05,2849,,,,,,,,,
9.999999999999994e-05,2849,,,,,,,,,
9.999999999999994e-05,2849,,,,,,,,,
,2849,4.748262631086988e+22,4.663834549592599e+22,5.6353517508226554e+20,2.164514247485413e+20,6.429285171866685e+19,9.0,1.0,41,
,2897,,,,,,,,41,5.6582743692385295e+20
9.999999999999994e-05,2899,,,,,,,,,
9.999999999999994e-05,2899,,,,,,,,,
9.999999999999994e-05,2899,,,,,,,,,
,2899,4.739441430496858e+22,4.628733043736911e+22,5.5300248700686906e+20,2.1645974585254032e+20,3.376194181246191e+20,9.0,1.0,42,
9.999999999999994e-05,2949,,,,,,,,,
9.999999999999994e-05,2949,,,,,,,,,
9.999999999999994e-05,2949,,,,,,,,,
,2949,4.7910123515911406e+25,4.790893370091865e+25,5.6276199850561346e+20,2.167925548281286e+20,4.113193834672816e+20,9.0,1.0,42,
,2966,,,,,,,,42,5.6571843573912175e+20
9.999999999999994e-05,2999,,,,,,,,,
9.999999999999994e-05,2999,,,,,,,,,
9.999999999999994e-05,2999,,,,,,,,,
,2999,4.735143645372458e+22,4.6467528465659455e+22,5.619552560379886e+20,2.1597013772273818e+20,1.059834563215145e+20,9.0,1.0,43,
,3035,,,,,,,,43,5.660112752680171e+20
9.999999999999994e-05,3049,,,,,,,,,
9.999999999999994e-05,3049,,,,,,,,,
9.999999999999994e-05,3049,,,,,,,,,
,3049,4.791562064564537e+25,4.791445850076873e+25,5.5301515338082104e+20,2.1661867366126558e+20,3.906290375385835e+20,9.0,1.0,44,
9.999999999999994e-05,3099,,,,,,,,,
9.999999999999994e-05,3099,,,,,,,,,
9.999999999999994e-05,3099,,,,,,,,,
,3099,4.7198156440407026e+22,4.635011511977428e+22,5.6268638728999456e+20,2.158376157852656e+20,6.951956935730004e+19,9.0,1.0,44,
,3104,,,,,,,,44,5.658159316341799e+20
9.999999999999994e-05,3149,,,,,,,,,
9.999999999999994e-05,3149,,,,,,,,,
9.999999999999994e-05,3149,,,,,,,,,
,3149,4.734236170047543e+22,4.64715997197226e+22,5.643355491785423e+20,2.167496298941802e+20,8.967549985834087e+19,9.0,1.0,45,
,3173,,,,,,,,45,5.659087831921223e+20
9.999999999999994e-05,3199,,,,,,,,,
9.999999999999994e-05,3199,,,,,,,,,
9.999999999999994e-05,3199,,,,,,,,,
,3199,9.935241252516953e+20,1.3673509010836292e+20,5.524919969522322e+20,2.1698796883070996e+20,8.730913093304136e+19,9.0,1.0,46,
,3242,,,,,,,,46,5.659992422127627e+20
9.999999999999994e-05,3249,,,,,,,,,
9.999999999999994e-05,3249,,,,,,,,,
9.999999999999994e-05,3249,,,,,,,,,
,3249,3.3448178227557324e+24,3.3439496728627635e+24,5.6373963146847375e+20,2.169915048601049e+20,8.730782031518106e+19,9.0,1.0,47,
9.999999999999994e-05,3299,,,,,,,,,
9.999999999999994e-05,3299,,,,,,,,,
9.999999999999994e-05,3299,,,,,,,,,
,3299,4.773879476864081e+25,4.773765107050824e+25,5.6636776332602114e+20,2.1641909031059168e+20,3.5997771439656036e+20,9.0,1.0,47,
,3311,,,,,,,,47,5.659275012780736e+20
9.999999999999994e-05,3349,,,,,,,,,
9.999999999999994e-05,3349,,,,,,,,,
9.999999999999994e-05,3349,,,,,,,,,
,3349,1.4994107568270297e+26,1.499401810156154e+26,5.617271909381088e+20,2.161805050834573e+20,1.2255925381721437e+20,9.0,1.0,48,
,3380,,,,,,,,48,5.659785186176024e+20
9.999999999999994e-05,3399,,,,,,,,,
9.999999999999994e-05,3399,,,,,,,,,
9.999999999999994e-05,3399,,,,,,,,,
,3399,3.3596674517350686e+24,3.358607916872335e+24,5.6927117771079156e+20,2.1852914988131706e+20,2.7181362961003944e+20,9.0,1.0,49,
9.999999999999994e-05,3449,,,,,,,,,
9.999999999999994e-05,3449,,,,,,,,,
9.999999999999994e-05,3449,,,,,,,,,
,3449,4.795674304987169e+25,4.795590833470235e+25,5.512374981654049e+20,2.16641015737542e+20,6.564171938948291e+19,9.0,1.0,49,
,3449,,,,,,,,49,5.660812921684739e+20
9.999999999999994e-05,3499,,,,,,,,,
9.999999999999994e-05,3499,,,,,,,,,
9.999999999999994e-05,3499,,,,,,,,,
,3499,4.7775111796035925e+25,4.777403727319363e+25,5.633661141743787e+20,2.1617932640699233e+20,2.9502085441174005e+20,9.0,1.0,50,
,3518,,,,,,,,50,5.6599347197574015e+20
9.999999999999994e-05,3549,,,,,,,,,
9.999999999999994e-05,3549,,,,,,,,,
9.999999999999994e-05,3549,,,,,,,,,
,3549,1.4991399586240276e+26,1.4991306430182704e+26,5.6468792066501195e+20,2.1730404763736998e+20,1.516876917821166e+20,9.0,1.0,51,
,3587,,,,,,,,51,5.659774630864397e+20
9.999999999999994e-05,3599,,,,,,,,,
9.999999999999994e-05,3599,,,,,,,,,
9.999999999999994e-05,3599,,,,,,,,,
,3599,9.928597035691698e+20,1.3588398014753407e+20,5.517463345545536e+20,2.164626661554237e+20,8.87667490999375e+19,9.0,1.0,52,
9.999999999999994e-05,3649,,,,,,,,,
9.999999999999994e-05,3649,,,,,,,,,
9.999999999999994e-05,3649,,,,,,,,,
,3649,3.3517102757406483e+24,3.3506812932977867e+24,5.6416142172107466e+20,2.1696998961657256e+20,2.477558929818355e+20,9.0,1.0,52,
,3656,,,,,,,,52,5.658719099701732e+20
9.999999999999994e-05,3699,,,,,,,,,
9.999999999999994e-05,3699,,,,,,,,,
9.999999999999994e-05,3699,,,,,,,,,
,3699,1.1607775415755856e+21,1.3617282625019734e+20,5.514318566368236e+20,2.1643156317049717e+20,2.5674129551806746e+20,9.0,1.0,53,
,3725,,,,,,,,53,5.658035467352046e+20
9.999999999999994e-05,3749,,,,,,,,,
9.999999999999994e-05,3749,,,,,,,,,
9.999999999999994e-05,3749,,,,,,,,,
,3749,3.34885275979148e+24,3.347769301807526e+24,5.528623828372113e+20,2.169173713881137e+20,3.136733566934251e+20,9.0,1.0,54,
,3794,,,,,,,,54,5.6590586288923895e+20
9.999999999999994e-05,3799,,,,,,,,,
9.999999999999994e-05,3799,,,,,,,,,
9.999999999999994e-05,3799,,,,,,,,,
,3799,1.1796065286676682e+21,4.622880366212101e+19,5.63957176441099e+20,2.1641719035449888e+20,3.530033977923679e+20,10.0,1.0,55,
9.999999999999994e-05,3849,,,,,,,,,
9.999999999999994e-05,3849,,,,,,,,,
9.999999999999994e-05,3849,,,,,,,,,
,3849,1.718549291160834e+25,1.7184447211803662e+25,5.545797672232393e+20,2.1852914988131706e+20,2.7181362961003944e+20,10.0,1.0,55,
,3863,,,,,,,,55,5.6591346271361014e+20
9.999999999999994e-05,3899,,,,,,,,,
9.999999999999994e-05,3899,,,,,,,,,
9.999999999999994e-05,3899,,,,,,,,,
,3899,7.840519073128543e+23,7.831276245541298e+23,5.516675215610746e+20,2.159661794808782e+20,1.5664823084980476e+20,10.0,1.0,56,
,3932,,,,,,,,56,5.660272489729454e+20
9.999999999999994e-05,3949,,,,,,,,,
9.999999999999994e-05,3949,,,,,,,,,
9.999999999999994e-05,3949,,,,,,,,,
,3949,8.952817585553051e+20,4.5925945383273366e+19,5.4933222923242255e+20,2.1586611512665755e+20,8.415749959927726e+19,10.0,1.0,57,
9.999999999999994e-05,3999,,,,,,,,,
9.999999999999994e-05,3999,,,,,,,,,
9.999999999999994e-05,3999,,,,,,,,,
,3999,1.5069590722682713e+26,1.5069490187927511e+26,5.59212176836827e+20,2.1754330136757404e+20,2.2367827718340136e+20,10.0,1.0,57,
,4001,,,,,,,,57,5.6593707142728175e+20
9.999999999999994e-05,4049,,,,,,,,,
9.999999999999994e-05,4049,,,,,,,,,
9.999999999999994e-05,4049,,,,,,,,,
,4049,1.7105550487400407e+25,1.7104635067725749e+25,5.5836866670036936e+20,2.167965658465467e+20,1.4085015751084946e+20,10.0,1.0,58,
,4070,,,,,,,,58,5.6590614436421566e+20
9.999999999999994e-05,4099,,,,,,,,,
9.999999999999994e-05,4099,,,,,,,,,
9.999999999999994e-05,4099,,,,,,,,,
,4099,7.900672032055465e+23,7.891799580501575e+23,5.660982862201928e+20,2.170545728470741e+20,1.0410345856378497e+20,10.0,1.0,59,
,4139,,,,,,,,59,5.6603220996940995e+20
9.999999999999994e-05,4149,,,,,,,,,
9.999999999999994e-05,4149,,,,,,,,,
9.999999999999994e-05,4149,,,,,,,,,
,4149,1.2180851009251868e+22,1.1335501715296383e+22,5.6306641369292603e+20,2.16641015737542e+20,6.564171938948291e+19,10.0,1.0,60,
9.999999999999994e-05,4199,,,,,,,,,
9.999999999999994e-05,4199,,,,,,,,,
9.999999999999994e-05,4199,,,,,,,,,
,4199,8.1511780960005e+25,8.151087706954539e+25,5.53341101403852e+20,2.1727396499923403e+20,1.3149325198582455e+20,10.0,1.0,60,
,4208,,,,,,,,60,5.658897132624502e+20
9.999999999999994e-05,4249,,,,,,,,,
9.999999999999994e-05,4249,,,,,,,,,
9.999999999999994e-05,4249,,,,,,,,,
,4249,7.864892554311872e+23,7.8541163411235e+23,5.516627013020984e+20,2.1641935419338234e+20,3.095732514451693e+20,10.0,1.0,61,
,4277,,,,,,,,61,5.661618995649294e+20
9.999999999999994e-05,4299,,,,,,,,,
9.999999999999994e-05,4299,,,,,,,,,
9.999999999999994e-05,4299,,,,,,,,,
,4299,8.1414677299201e+25,8.141358894130065e+25,5.5894808293992825e+20,2.164000907496637e+20,3.165970020921466e+20,10.0,1.0,62,
,4346,,,,,,,,62,5.659672244341619e+20
9.999999999999994e-05,4349,,,,,,,,,
9.999999999999994e-05,4349,,,,,,,,,
9.999999999999994e-05,4349,,,,,,,,,
,4349,1.5013211938770234e+26,1.5013104025317403e+26,5.578487472340127e+20,2.174394371011678e+20,3.0203091833797476e+20,10.0,1.0,63,
9.999999999999994e-05,4399,,,,,,,,,
9.999999999999994e-05,4399,,,,,,,,,
9.999999999999994e-05,4399,,,,,,,,,
,4399,1.7062336683564733e+25,1.7061468533671764e+25,5.6337512137363345e+20,2.169915048601049e+20,8.730782031518106e+19,10.0,1.0,63,
,4415,,,,,,,,63,5.65779128780975e+20
9.999999999999994e-05,4449,,,,,,,,,
9.999999999999994e-05,4449,,,,,,,,,
9.999999999999994e-05,4449,,,,,,,,,
,4449,1.7102075581985521e+25,1.7101253548952737e+25,5.5999717536250095e+20,2.1714258655385433e+20,4.488110147363039e+19,10.0,1.0,64,
,4484,,,,,,,,64,5.658703970421734e+20
9.999999999999994e-05,4499,,,,,,,,,
9.999999999999994e-05,4499,,,,,,,,,
9.999999999999994e-05,4499,,,,,,,,,
,4499,1.714473021889146e+25,1.7143698354144838e+25,5.619789703047765e+20,2.172094368608231e+20,2.5362732025853143e+20,10.0,1.0,65,
9.999999999999994e-05,4549,,,,,,,,,
9.999999999999994e-05,4549,,,,,,,,,
9.999999999999994e-05,4549,,,,,,,,,
,4549,1.6934227504737334e+25,1.6933289026632584e+25,5.506157903105952e+20,2.1585626350247268e+20,1.7179190125618686e+20,10.0,1.0,65,
,4553,,,,,,,,65,5.6586747673929004e+20
9.999999999999994e-05,4599,,,,,,,,,
9.999999999999994e-05,4599,,,,,,,,,
9.999999999999994e-05,4599,,,,,,,,,
,4599,8.147158550466839e+25,8.147050637014008e+25,5.6006272384770245e+20,2.1736934983196685e+20,2.991640957001767e+20,10.0,1.0,66,
,4622,,,,,,,,66,5.6572976510693435e+20
9.999999999999994e-05,4649,,,,,,,,,
9.999999999999994e-05,4649,,,,,,,,,
9.999999999999994e-05,4649,,,,,,,,,
,4649,1.2127244662887277e+22,1.1238132765452726e+22,5.552470036555319e+20,2.1570328185263043e+20,1.1816193738183121e+20,10.0,1.0,67,
,4691,,,,,,,,67,5.6606366479805737e+20
9.999999999999994e-05,4699,,,,,,,,,
9.999999999999994e-05,4699,,,,,,,,,
9.999999999999994e-05,4699,,,,,,,,,
,4699,7.899391568609411e+23,7.88987203986106e+23,5.5052526092121067e+20,2.171489901095745e+20,1.8425971220428305e+20,10.0,1.0,68,
9.999999999999994e-05,4749,,,,,,,,,
9.999999999999994e-05,4749,,,,,,,,,
9.999999999999994e-05,4749,,,,,,,,,
,4749,1.7057718080017278e+25,1.7056894894062988e+25,5.559171252063358e+20,2.1589269691977066e+20,5.167338293272825e+19,10.0,1.0,68,
,4760,,,,,,,,68,5.6600800312141283e+20
9.999999999999994e-05,4799,,,,,,,,,
9.999999999999994e-05,4799,,,,,,,,,
9.999999999999994e-05,4799,,,,,,,,,
,4799,1.0416060326171304e+21,4.564797125158555e+19,5.630261275868843e+20,2.1579835002601446e+20,2.171335793545996e+20,10.0,1.0,69,
,4829,,,,,,,,69,5.6606472032922e+20
9.999999999999994e-05,4849,,,,,,,,,
9.999999999999994e-05,4849,,,,,,,,,
9.999999999999994e-05,4849,,,,,,,,,
,4849,1.5014016216811848e+26,1.5013901846998591e+26,5.576904879283571e+20,2.1709950329023155e+20,3.679460598810065e+20,10.0,1.0,70,
,4898,,,,,,,,70,5.659469934202108e+20
9.999999999999994e-05,4899,,,,,,,,,
9.999999999999994e-05,4899,,,,,,,,,
9.999999999999994e-05,4899,,,,,,,,,
,4899,8.740541120804385e+20,4.625572850286199e+19,5.5780128351606486e+20,2.1661795238163775e+20,5.33792312427576e+19,10.0,1.0,71,
9.999999999999994e-05,4949,,,,,,,,,
9.999999999999994e-05,4949,,,,,,,,,
9.999999999999994e-05,4949,,,,,,,,,
,4949,1.1201077851406163e+21,4.6719621254713704e+19,5.528822971918136e+20,2.1733453489578495e+20,3.031712790217459e+20,10.0,1.0,71,
,4967,,,,,,,,71,5.658958705275657e+20
9.999999999999994e-05,4999,,,,,,,,,
9.999999999999994e-05,4999,,,,,,,,,
9.999999999999994e-05,4999,,,,,,,,,
,4999,1.5038051402002688e+26,1.5037958245945116e+26,5.5373629227115374e+20,2.1755121785129402e+20,1.531696575344982e+20,10.0,1.0,72,
,5036,,,,,,,,72,5.658903465811478e+20
9.999999999999994e-05,5049,,,,,,,,,
9.999999999999994e-05,5049,,,,,,,,,
9.999999999999994e-05,5049,,,,,,,,,
,5049,4.327230768450361e+25,4.327144529921816e+25,5.579620760965108e+20,2.164626661554237e+20,8.87667490999375e+19,11.0,1.0,73,
9.999999999999994e-05,5099,,,,,,,,,
9.999999999999994e-05,5099,,,,,,,,,
9.999999999999994e-05,5099,,,,,,,,,
,5099,1.166059552437304e+26,1.1660512514024709e+26,5.520500108700523e+20,2.1662133008135828e+20,6.877925938222544e+19,11.0,1.0,73,
,5105,,,,,,,,73,5.6591655893835396e+20
9.999999999999994e-05,5149,,,,,,,,,
9.999999999999994e-05,5149,,,,,,,,,
9.999999999999994e-05,5149,,,,,,,,,
,5149,1.4982169757842996e+26,1.4982056310366943e+26,5.543183825229914e+20,2.1707661585618777e+20,3.58766773862379e+20,11.0,1.0,74,
,5174,,,,,,,,74,5.6609304374875154e+20
9.999999999999994e-05,5199,,,,,,,,,
9.999999999999994e-05,5199,,,,,,,,,
9.999999999999994e-05,5199,,,,,,,,,
,5199,4.328380922943357e+25,4.328286844548581e+25,5.527825143125697e+20,2.1648826278611832e+20,1.728396214882481e+20,11.0,1.0,75,
,5243,,,,,,,,75,5.6601869917052784e+20
9.999999999999994e-05,5249,,,,,,,,,
9.999999999999994e-05,5249,,,,,,,,,
9.999999999999994e-05,5249,,,,,,,,,
,5249,9.436302227236853e+20,1.8548050876069577e+19,5.5436127227256766e+20,2.1755121785129402e+20,1.531696575344982e+20,11.0,1.0,76,
9.999999999999994e-05,5299,,,,,,,,,
9.999999999999994e-05,5299,,,,,,,,,
9.999999999999994e-05,5299,,,,,,,,,
,5299,4.339772248577474e+25,4.339663412787439e+25,5.5238179949885e+20,2.1719467701673184e+20,3.179321786441736e+20,11.0,1.0,76,
,5312,,,,,,,,76,5.65820329680691e+20
9.999999999999994e-05,5349,,,,,,,,,
9.999999999999994e-05,5349,,,,,,,,,
9.999999999999994e-05,5349,,,,,,,,,
,5349,4.2980711029760024e+21,3.3041641013872364e+21,5.6129044732737015e+20,2.1597330431622617e+20,2.1664330272172776e+20,11.0,1.0,77,
,5381,,,,,,,,77,5.6588031903510246e+20
9.999999999999994e-05,5399,,,,,,,,,
9.999999999999994e-05,5399,,,,,,,,,
9.999999999999994e-05,5399,,,,,,,,,
,5399,1.0310484691906671e+21,1.8358530255813083e+19,5.562441991292736e+20,2.167810319462695e+20,2.3966468367005516e+20,11.0,1.0,78,
9.999999999999994e-05,5449,,,,,,,,,
9.999999999999994e-05,5449,,,,,,,,,
9.999999999999994e-05,5449,,,,,,,,,
,5449,4.330226058519329e+25,4.330107999357258e+25,5.5316444067159396e+20,2.167925548281286e+20,4.113193834672816e+20,11.0,1.0,78,
,5450,,,,,,,,78,5.6582835171752726e+20
9.999999999999994e-05,5499,,,,,,,,,
9.999999999999994e-05,5499,,,,,,,,,
9.999999999999994e-05,5499,,,,,,,,,
,5499,4.329174132938526e+25,4.329061146631075e+25,5.6249424543401745e+20,2.1645575242630824e+20,3.517220533296368e+20,11.0,1.0,79,
,5519,,,,,,,,79,5.661224226994457e+20
9.999999999999994e-05,5549,,,,,,,,,
9.999999999999994e-05,5549,,,,,,,,,
9.999999999999994e-05,5549,,,,,,,,,
,5549,1.1673075669076108e+26,1.167299358106498e+26,5.5703324385773774e+20,2.1695271408987695e+20,4.676257697498766e+19,11.0,1.0,80,
