lr-Adam,step,train_loss,L_comp,L_IC,L_phys,L_obs,N_steps,epoch,val_loss
2.4597549999999995e-06,49,,,,,,,,
2.4597549999999995e-06,49,,,,,,,,
2.4597549999999995e-06,49,,,,,,,,
,49,2.6847612857818604,0.0003494815027806908,1.0678613185882568,0.8528751134872437,0.7636752724647522,6.0,0,
,68,,,,,,,0,1.0678365230560303
4.959504999999999e-06,99,,,,,,,,
4.959504999999999e-06,99,,,,,,,,
4.959504999999999e-06,99,,,,,,,,
,99,2.518986225128174,0.0034992191940546036,1.0210307836532593,0.8056957721710205,0.6887603402137756,6.0,1,
,137,,,,,,,1,0.9732910394668579
7.459254999999993e-06,149,,,,,,,,
7.459254999999993e-06,149,,,,,,,,
7.459254999999993e-06,149,,,,,,,,
,149,2.429741382598877,0.006034085527062416,0.9555985927581787,0.8037261962890625,0.6643824577331543,6.0,2,
9.959004999999994e-06,199,,,,,,,,
9.959004999999994e-06,199,,,,,,,,
9.959004999999994e-06,199,,,,,,,,
,199,2.361833095550537,0.009250493720173836,0.9848527312278748,0.7859285473823547,0.5818012356758118,6.0,2,
,206,,,,,,,2,0.9139734506607056
1.2458755000000009e-05,249,,,,,,,,
1.2458755000000009e-05,249,,,,,,,,
1.2458755000000009e-05,249,,,,,,,,
,249,2.152595281600952,0.010366866365075111,0.9058840274810791,0.7352229356765747,0.501121461391449,6.0,3,
,275,,,,,,,3,0.8965280055999756
1.4958504999999994e-05,299,,,,,,,,
1.4958504999999994e-05,299,,,,,,,,
1.4958504999999994e-05,299,,,,,,,,
,299,1.9953770637512207,0.009808020666241646,0.8380420804023743,0.7166741490364075,0.43085283041000366,6.0,4,
,344,,,,,,,4,0.8852466344833374
1.7458254999999992e-05,349,,,,,,,,
1.7458254999999992e-05,349,,,,,,,,
1.7458254999999992e-05,349,,,,,,,,
,349,1.9315409660339355,0.0010144185507670045,0.857155978679657,0.7299346923828125,0.3434358835220337,6.0,5,
1.9958005000000005e-05,399,,,,,,,,
1.9958005000000005e-05,399,,,,,,,,
1.9958005000000005e-05,399,,,,,,,,
,399,1.9797308444976807,0.013785388320684433,0.9034444093704224,0.7357832193374634,0.3267178535461426,6.0,5,
,413,,,,,,,5,0.8818522095680237
2.2457754999999994e-05,449,,,,,,,,
2.2457754999999994e-05,449,,,,,,,,
2.2457754999999994e-05,449,,,,,,,,
,449,1.8782198429107666,0.004094420932233334,0.8577169179916382,0.7152659296989441,0.30114251375198364,6.0,6,
,482,,,,,,,6,0.885991096496582
2.4957504999999976e-05,499,,,,,,,,
2.4957504999999976e-05,499,,,,,,,,
2.4957504999999976e-05,499,,,,,,,,
,499,1.8023009300231934,0.033395059406757355,0.8019272089004517,0.7010148167610168,0.2659638524055481,6.0,7,
2.745725499999997e-05,549,,,,,,,,
2.745725499999997e-05,549,,,,,,,,
2.745725499999997e-05,549,,,,,,,,
,549,4.471429347991943,0.08479193598031998,0.9120529294013977,2.2379252910614014,1.236659049987793,6.0,7,
,551,,,,,,,7,0.9467877745628357
2.9957004999999947e-05,599,,,,,,,,
2.9957004999999947e-05,599,,,,,,,,
2.9957004999999947e-05,599,,,,,,,,
,599,18.353471755981445,15.576761245727539,1.064344882965088,1.0634269714355469,0.6489391326904297,6.0,8,
,620,,,,,,,8,1.4029098749160767
3.245675499999995e-05,649,,,,,,,,
3.245675499999995e-05,649,,,,,,,,
3.245675499999995e-05,649,,,,,,,,
,649,1.9615824222564697,0.009437274187803268,0.9499106407165527,0.7164595723152161,0.28577497601509094,6.0,9,
,689,,,,,,,9,0.883597731590271
3.495650499999994e-05,699,,,,,,,,
3.495650499999994e-05,699,,,,,,,,
3.495650499999994e-05,699,,,,,,,,
,699,1.8210541009902954,0.019998157396912575,0.8663338422775269,0.7119529843330383,0.22276915609836578,6.0,10,
3.745625499999992e-05,749,,,,,,,,
3.745625499999992e-05,749,,,,,,,,
3.745625499999992e-05,749,,,,,,,,
,749,1.8450223207473755,0.0381806381046772,0.8601323366165161,0.7176505923271179,0.22905872762203217,7.0,10,
,758,,,,,,,10,0.8973454833030701
3.9956004999999894e-05,799,,,,,,,,
3.9956004999999894e-05,799,,,,,,,,
3.9956004999999894e-05,799,,,,,,,,
,799,1.7479177713394165,0.006909557152539492,0.8661719560623169,0.6865687966346741,0.18826749920845032,7.0,11,
,827,,,,,,,11,0.8744519948959351
4.245575499999985e-05,849,,,,,,,,
4.245575499999985e-05,849,,,,,,,,
4.245575499999985e-05,849,,,,,,,,
,849,1.7288429737091064,0.032130658626556396,0.8158149123191833,0.6853436231613159,0.19555377960205078,7.0,12,
,896,,,,,,,12,0.8697265982627869
4.495550499999983e-05,899,,,,,,,,
4.495550499999983e-05,899,,,,,,,,
4.495550499999983e-05,899,,,,,,,,
,899,1.7392696142196655,0.0339936725795269,0.8543948531150818,0.6767122149467468,0.1741689294576645,7.0,13,
4.7455254999999786e-05,949,,,,,,,,
4.7455254999999786e-05,949,,,,,,,,
4.7455254999999786e-05,949,,,,,,,,
,949,1.770717740058899,0.030500445514917374,0.8910137414932251,0.6919741630554199,0.15722930431365967,7.0,13,
,965,,,,,,,13,0.8646227121353149
4.9955004999999796e-05,999,,,,,,,,
4.9955004999999796e-05,999,,,,,,,,
4.9955004999999796e-05,999,,,,,,,,
,999,1.689823031425476,0.025901641696691513,0.858180820941925,0.6689058542251587,0.13683472573757172,7.0,14,
,1034,,,,,,,14,0.8605594635009766
5.245475499999979e-05,1049,,,,,,,,
5.245475499999979e-05,1049,,,,,,,,
5.245475499999979e-05,1049,,,,,,,,
,1049,1.6973274946212769,0.026576951146125793,0.8877203464508057,0.6572255492210388,0.12580467760562897,7.0,15,
5.4954504999999814e-05,1099,,,,,,,,
5.4954504999999814e-05,1099,,,,,,,,
5.4954504999999814e-05,1099,,,,,,,,
,1099,1.580514907836914,0.024972431361675262,0.7845303416252136,0.6595984101295471,0.11141368746757507,7.0,15,
,1103,,,,,,,15,0.861140251159668
5.745425499999982e-05,1149,,,,,,,,
5.745425499999982e-05,1149,,,,,,,,
5.745425499999982e-05,1149,,,,,,,,
,1149,1.624362587928772,0.007775621954351664,0.851107656955719,0.6585988998413086,0.10688044875860214,7.0,16,
,1172,,,,,,,16,0.8535894155502319
5.995400499999984e-05,1199,,,,,,,,
5.995400499999984e-05,1199,,,,,,,,
5.995400499999984e-05,1199,,,,,,,,
,1199,1.557414174079895,0.02250853180885315,0.7999451756477356,0.6408709287643433,0.09408946335315704,7.0,17,
,1241,,,,,,,17,0.8659295439720154
6.245375499999984e-05,1249,,,,,,,,
6.245375499999984e-05,1249,,,,,,,,
6.245375499999984e-05,1249,,,,,,,,
,1249,1.5820995569229126,0.022096632048487663,0.8235705494880676,0.646379292011261,0.09005311131477356,7.0,18,
6.495350499999981e-05,1299,,,,,,,,
6.495350499999981e-05,1299,,,,,,,,
6.495350499999981e-05,1299,,,,,,,,
,1299,1.5948326587677002,0.021139582619071007,0.8472648859024048,0.652296781539917,0.07413152605295181,7.0,18,
,1310,,,,,,,18,0.8530397415161133
6.745325499999981e-05,1349,,,,,,,,
6.745325499999981e-05,1349,,,,,,,,
6.745325499999981e-05,1349,,,,,,,,
,1349,1.5646708011627197,0.02305343560874462,0.8146947026252747,0.6479311585426331,0.07899151742458344,7.0,19,
,1379,,,,,,,19,0.8525371551513672
6.995300499999984e-05,1399,,,,,,,,
6.995300499999984e-05,1399,,,,,,,,
6.995300499999984e-05,1399,,,,,,,,
,1399,1.5530258417129517,0.019534943625330925,0.8275156021118164,0.6317853331565857,0.07419002056121826,7.0,20,
,1448,,,,,,,20,0.8637130856513977
7.245275499999987e-05,1449,,,,,,,,
7.245275499999987e-05,1449,,,,,,,,
7.245275499999987e-05,1449,,,,,,,,
,1449,1.6279820203781128,0.023419683799147606,0.8705958724021912,0.6577786207199097,0.0761878713965416,7.0,21,
7.495250499999989e-05,1499,,,,,,,,
7.495250499999989e-05,1499,,,,,,,,
7.495250499999989e-05,1499,,,,,,,,
,1499,1.575110912322998,0.011535839177668095,0.8561107516288757,0.638450026512146,0.0690142959356308,7.0,21,
,1517,,,,,,,21,0.8441142439842224
7.74522549999999e-05,1549,,,,,,,,
7.74522549999999e-05,1549,,,,,,,,
7.74522549999999e-05,1549,,,,,,,,
,1549,1.5643476247787476,0.009861220605671406,0.8442378044128418,0.6470195055007935,0.06322909891605377,7.0,22,
,1586,,,,,,,22,0.846438467502594
7.995200499999991e-05,1599,,,,,,,,
7.995200499999991e-05,1599,,,,,,,,
7.995200499999991e-05,1599,,,,,,,,
,1599,1.5528388023376465,0.017627712339162827,0.8371983170509338,0.6254981756210327,0.07251447439193726,7.0,23,
8.245175499999988e-05,1649,,,,,,,,
8.245175499999988e-05,1649,,,,,,,,
8.245175499999988e-05,1649,,,,,,,,
,1649,1.5011823177337646,0.005692604463547468,0.8148059248924255,0.6283824443817139,0.052301421761512756,8.0,23,
,1655,,,,,,,23,0.8477153182029724
8.495150499999989e-05,1699,,,,,,,,
8.495150499999989e-05,1699,,,,,,,,
8.495150499999989e-05,1699,,,,,,,,
,1699,1.4891095161437988,0.004635153338313103,0.8092367649078369,0.6271363496780396,0.048101216554641724,8.0,24,
,1724,,,,,,,24,0.9045721292495728
8.745125499999985e-05,1749,,,,,,,,
8.745125499999985e-05,1749,,,,,,,,
8.745125499999985e-05,1749,,,,,,,,
,1749,4.486236095428467,2.9682788848876953,0.8163691163063049,0.6361838579177856,0.06540432572364807,8.0,25,
,1793,,,,,,,25,0.8689718246459961
8.995100499999985e-05,1799,,,,,,,,
8.995100499999985e-05,1799,,,,,,,,
8.995100499999985e-05,1799,,,,,,,,
,1799,1.6022731065750122,0.0006292621837928891,0.9054309129714966,0.6391481161117554,0.05706492438912392,8.0,26,
9.245075499999987e-05,1849,,,,,,,,
9.245075499999987e-05,1849,,,,,,,,
9.245075499999987e-05,1849,,,,,,,,
,1849,14.374719619750977,12.509262084960938,0.9113392233848572,0.7907626032829285,0.16335628926753998,8.0,26,
,1862,,,,,,,26,0.8680770993232727
9.49505049999999e-05,1899,,,,,,,,
9.49505049999999e-05,1899,,,,,,,,
9.49505049999999e-05,1899,,,,,,,,
,1899,5.55287504196167,3.8587236404418945,0.8939694166183472,0.6848636269569397,0.115318164229393,8.0,27,
,1931,,,,,,,27,0.9589161276817322
9.745025499999994e-05,1949,,,,,,,,
9.745025499999994e-05,1949,,,,,,,,
9.745025499999994e-05,1949,,,,,,,,
,1949,155.6328125,153.58184814453125,1.2007704973220825,0.7093203067779541,0.1408681422472,8.0,28,
9.995000499999993e-05,1999,,,,,,,,
9.995000499999993e-05,1999,,,,,,,,
9.995000499999993e-05,1999,,,,,,,,
,1999,938.9982299804688,81.9689712524414,444.5152587890625,219.71783447265625,192.796142578125,8.0,28,
,2000,,,,,,,28,112.32935333251953
9.999999999999994e-05,2049,,,,,,,,
9.999999999999994e-05,2049,,,,,,,,
9.999999999999994e-05,2049,,,,,,,,
,2049,589.2747802734375,584.2978515625,1.679128646850586,1.9231593608856201,1.3746085166931152,8.0,29,
,2069,,,,,,,29,1.9256618022918701
9.999999999999994e-05,2099,,,,,,,,
9.999999999999994e-05,2099,,,,,,,,
9.999999999999994e-05,2099,,,,,,,,
,2099,6593.31298828125,6351.2880859375,2.2214484214782715,115.64285278320312,124.16007232666016,8.0,30,
,2138,,,,,,,30,2.572688341140747
9.999999999999994e-05,2149,,,,,,,,
9.999999999999994e-05,2149,,,,,,,,
9.999999999999994e-05,2149,,,,,,,,
,2149,148.4048309326172,143.54331970214844,2.9146857261657715,1.2011842727661133,0.7456364631652832,8.0,31,
9.999999999999994e-05,2199,,,,,,,,
9.999999999999994e-05,2199,,,,,,,,
9.999999999999994e-05,2199,,,,,,,,
,2199,3209.925537109375,3127.93017578125,20.8794002532959,26.653636932373047,34.46236038208008,8.0,31,
,2207,,,,,,,31,7.549129009246826
9.999999999999994e-05,2249,,,,,,,,
9.999999999999994e-05,2249,,,,,,,,
9.999999999999994e-05,2249,,,,,,,,
,2249,2262.689453125,2225.416748046875,7.820035934448242,13.058526992797852,16.393997192382812,8.0,32,
,2276,,,,,,,32,1.515567660331726
9.999999999999994e-05,2299,,,,,,,,
9.999999999999994e-05,2299,,,,,,,,
9.999999999999994e-05,2299,,,,,,,,
,2299,701.9942626953125,694.0794677734375,2.8719582557678223,3.064842462539673,1.9780124425888062,8.0,33,
,2345,,,,,,,33,5.46575403213501
9.999999999999994e-05,2349,,,,,,,,
9.999999999999994e-05,2349,,,,,,,,
9.999999999999994e-05,2349,,,,,,,,
,2349,10639.02734375,10527.1669921875,5.187360763549805,55.704742431640625,50.96805953979492,8.0,34,
9.999999999999994e-05,2399,,,,,,,,
9.999999999999994e-05,2399,,,,,,,,
9.999999999999994e-05,2399,,,,,,,,
,2399,3017.437744140625,3011.312255859375,3.6373186111450195,1.5531489849090576,0.9350462555885315,8.0,34,
,2414,,,,,,,34,4.354572296142578
9.999999999999994e-05,2449,,,,,,,,
9.999999999999994e-05,2449,,,,,,,,
9.999999999999994e-05,2449,,,,,,,,
,2449,21718.173828125,21713.8515625,1.6004619598388672,1.6089425086975098,1.1134995222091675,8.0,35,
,2483,,,,,,,35,1.2675318717956543
9.999999999999994e-05,2499,,,,,,,,
9.999999999999994e-05,2499,,,,,,,,
9.999999999999994e-05,2499,,,,,,,,
,2499,194.13772583007812,190.09674072265625,1.597766399383545,1.3161472082138062,1.1270744800567627,8.0,36,
9.999999999999994e-05,2549,,,,,,,,
9.999999999999994e-05,2549,,,,,,,,
9.999999999999994e-05,2549,,,,,,,,
,2549,1980.1474609375,1976.6378173828125,1.291530728340149,1.486694097518921,0.731415331363678,8.0,36,
,2552,,,,,,,36,1.2910147905349731
9.999999999999994e-05,2599,,,,,,,,
9.999999999999994e-05,2599,,,,,,,,
9.999999999999994e-05,2599,,,,,,,,
,2599,11576.4375,11557.486328125,1.6906856298446655,9.178985595703125,8.081911087036133,8.0,37,
,2621,,,,,,,37,61.4195671081543
9.999999999999994e-05,2649,,,,,,,,
9.999999999999994e-05,2649,,,,,,,,
9.999999999999994e-05,2649,,,,,,,,
,2649,17785.890625,17580.228515625,170.48304748535156,20.24906349182129,14.930583953857422,9.0,38,
,2690,,,,,,,38,204.93357849121094
9.999999999999994e-05,2699,,,,,,,,
9.999999999999994e-05,2699,,,,,,,,
9.999999999999994e-05,2699,,,,,,,,
,2699,1036.5673828125,1029.9122314453125,3.812906503677368,1.7008579969406128,1.141493558883667,9.0,39,
9.999999999999994e-05,2749,,,,,,,,
9.999999999999994e-05,2749,,,,,,,,
9.999999999999994e-05,2749,,,,,,,,
,2749,40673.3671875,38772.8125,433.5963439941406,789.68310546875,677.2738037109375,9.0,39,
,2759,,,,,,,39,525.086669921875
9.999999999999994e-05,2799,,,,,,,,
9.999999999999994e-05,2799,,,,,,,,
9.999999999999994e-05,2799,,,,,,,,
,2799,336.99029541015625,190.9559326171875,26.856433868408203,65.71385955810547,53.464088439941406,9.0,40,
,2828,,,,,,,40,4.351429462432861
9.999999999999994e-05,2849,,,,,,,,
9.999999999999994e-05,2849,,,,,,,,
9.999999999999994e-05,2849,,,,,,,,
,2849,137410.890625,137391.59375,10.774900436401367,4.4311747550964355,4.085684299468994,9.0,41,
,2897,,,,,,,41,290.2159118652344
9.999999999999994e-05,2899,,,,,,,,
9.999999999999994e-05,2899,,,,,,,,
9.999999999999994e-05,2899,,,,,,,,
,2899,215042.078125,214787.6875,151.58038330078125,60.52754592895508,42.28076171875,9.0,42,
9.999999999999994e-05,2949,,,,,,,,
9.999999999999994e-05,2949,,,,,,,,
9.999999999999994e-05,2949,,,,,,,,
,2949,6743.876953125,1797.0665283203125,1658.1195068359375,1610.922607421875,1677.768310546875,9.0,42,
,2966,,,,,,,42,1543.7286376953125
9.999999999999994e-05,2999,,,,,,,,
9.999999999999994e-05,2999,,,,,,,,
9.999999999999994e-05,2999,,,,,,,,
,2999,110821.1640625,110768.5390625,21.910314559936523,15.681880950927734,15.03309154510498,9.0,43,
,3035,,,,,,,43,2820.789306640625
9.999999999999994e-05,3049,,,,,,,,
9.999999999999994e-05,3049,,,,,,,,
9.999999999999994e-05,3049,,,,,,,,
,3049,980269888.0,980072448.0,100567.2265625,53760.78125,43167.98828125,9.0,44,
9.999999999999994e-05,3099,,,,,,,,
9.999999999999994e-05,3099,,,,,,,,
9.999999999999994e-05,3099,,,,,,,,
,3099,237869717258240.0,206490501644288.0,17875200901120.0,8420806623232.0,5083203371008.0,9.0,44,
,3104,,,,,,,44,6212749650558976.0
9.999999999999994e-05,3149,,,,,,,,
9.999999999999994e-05,3149,,,,,,,,
9.999999999999994e-05,3149,,,,,,,,
,3149,5.7474461480875814e+26,5.7474461480875814e+26,4.5325907253379727e+18,1.435523068419113e+18,1.3641984363200512e+18,9.0,45,
,3173,,,,,,,45,4.4878906298665533e+18
9.999999999999994e-05,3199,,,,,,,,
9.999999999999994e-05,3199,,,,,,,,
9.999999999999994e-05,3199,,,,,,,,
,3199,5.7523618364483435e+28,5.7523618364483435e+28,4.589390396517253e+18,1.3994100213216707e+18,1.3671305589534228e+18,9.0,46,
,3242,,,,,,,46,4.507006189271253e+18
9.999999999999994e-05,3249,,,,,,,,
9.999999999999994e-05,3249,,,,,,,,
9.999999999999994e-05,3249,,,,,,,,
,3249,2.5626531038307314e+24,2.5626458980713277e+24,4.602851442498208e+18,1.4536421954111406e+18,1.0804357882288538e+18,9.0,47,
9.999999999999994e-05,3299,,,,,,,,
9.999999999999994e-05,3299,,,,,,,,
9.999999999999994e-05,3299,,,,,,,,
,3299,2.101705599257564e+30,2.101705599257564e+30,4.633982464971244e+18,1.4491945334378332e+18,1.2016836083481313e+18,9.0,47,
,3311,,,,,,,47,4.506568583643398e+18
9.999999999999994e-05,3349,,,,,,,,
9.999999999999994e-05,3349,,,,,,,,
9.999999999999994e-05,3349,,,,,,,,
,3349,2.5632742402913384e+24,2.5632664580711823e+24,5.354738175501664e+18,1.5059918681549046e+18,9.068965007626076e+17,9.0,48,
,3380,,,,,,,48,4.5070487953468293e+18
9.999999999999994e-05,3399,,,,,,,,
9.999999999999994e-05,3399,,,,,,,,
9.999999999999994e-05,3399,,,,,,,,
,3399,5.804596876588661e+28,5.804596876588661e+28,5.341402198968369e+18,1.426957872838738e+18,1.1274753008467968e+18,9.0,49,
9.999999999999994e-05,3449,,,,,,,,
9.999999999999994e-05,3449,,,,,,,,
9.999999999999994e-05,3449,,,,,,,,
,3449,2.567867191335316e+24,2.567859985575912e+24,4.5938368215399793e+18,1.4161492612208394e+18,1.2351057381755453e+18,9.0,49,
,3449,,,,,,,49,4.499438250737271e+18
9.999999999999994e-05,3499,,,,,,,,
9.999999999999994e-05,3499,,,,,,,,
9.999999999999994e-05,3499,,,,,,,,
,3499,2.1010778645257292e+30,2.1010778645257292e+30,4.611929010497126e+18,1.451333495870718e+18,8.999197558869852e+17,9.0,50,
,3518,,,,,,,50,4.505577923666772e+18
9.999999999999994e-05,3549,,,,,,,,
9.999999999999994e-05,3549,,,,,,,,
9.999999999999994e-05,3549,,,,,,,,
,3549,9.094615238959809e+26,9.094615238959809e+26,4.696238462603362e+18,1.4619397973491057e+18,1.3006726401968046e+18,9.0,51,
,3587,,,,,,,51,4.505351699149357e+18
9.999999999999994e-05,3599,,,,,,,,
9.999999999999994e-05,3599,,,,,,,,
9.999999999999994e-05,3599,,,,,,,,
,3599,2.554688433846531e+24,2.554680939856751e+24,4.704686560195379e+18,1.472928041679192e+18,1.3260174827286692e+18,9.0,52,
9.999999999999994e-05,3649,,,,,,,,
9.999999999999994e-05,3649,,,,,,,,
9.999999999999994e-05,3649,,,,,,,,
,3649,6.885077350183785e+29,6.885077350183785e+29,4.651269536538952e+18,1.393035190342779e+18,1.0933243322491208e+18,9.0,52,
,3656,,,,,,,52,4.5032925887484396e+18
9.999999999999994e-05,3699,,,,,,,,
9.999999999999994e-05,3699,,,,,,,,
9.999999999999994e-05,3699,,,,,,,,
,3699,6.8796976302865e+29,6.8796976302865e+29,4.700435298486583e+18,1.4600255476051476e+18,1.1715580892586967e+18,9.0,53,
,3725,,,,,,,53,4.4972073416445133e+18
9.999999999999994e-05,3749,,,,,,,,
9.999999999999994e-05,3749,,,,,,,,
9.999999999999994e-05,3749,,,,,,,,
,3749,9.078091383488343e+26,9.078091383488343e+26,5.350324186071958e+18,1.420697116191228e+18,9.38021132324307e+17,9.0,54,
,3794,,,,,,,54,4.50029641956275e+18
9.999999999999994e-05,3799,,,,,,,,
9.999999999999994e-05,3799,,,,,,,,
9.999999999999994e-05,3799,,,,,,,,
,3799,6.09828966777725e+23,6.098219771911034e+23,4.600621632917078e+18,1.355315207001342e+18,1.0271645185825833e+18,10.0,55,
9.999999999999994e-05,3849,,,,,,,,
9.999999999999994e-05,3849,,,,,,,,
9.999999999999994e-05,3849,,,,,,,,
,3849,1.5175865403663893e+28,1.5175865403663893e+28,4.1437437652505723e+18,1.378286753684652e+18,9.826354658887598e+17,10.0,55,
,3863,,,,,,,55,4.501149915463811e+18
9.999999999999994e-05,3899,,,,,,,,
9.999999999999994e-05,3899,,,,,,,,
9.999999999999994e-05,3899,,,,,,,,
,3899,1.5136674484222558e+28,1.5136674484222558e+28,5.301676843856822e+18,1.4657534534300467e+18,1.1864361308499476e+18,10.0,56,
,3932,,,,,,,56,4.5002200035046195e+18
9.999999999999994e-05,3949,,,,,,,,
9.999999999999994e-05,3949,,,,,,,,
9.999999999999994e-05,3949,,,,,,,,
,3949,2.653785979974568e+29,2.653785979974568e+29,4.1088977678651884e+18,1.4310744443731313e+18,1.5448693623624827e+18,10.0,57,
9.999999999999994e-05,3999,,,,,,,,
9.999999999999994e-05,3999,,,,,,,,
9.999999999999994e-05,3999,,,,,,,,
,3999,1.5110954115173609e+28,1.5110954115173609e+28,4.603891305620177e+18,1.494550487595221e+18,1.2022384494032978e+18,10.0,57,
,4001,,,,,,,57,4.501444584580055e+18
9.999999999999994e-05,4049,,,,,,,,
9.999999999999994e-05,4049,,,,,,,,
9.999999999999994e-05,4049,,,,,,,,
,4049,2.1034603550847348e+30,2.1034603550847348e+30,5.35371672919946e+18,1.4491945334378332e+18,1.2016836083481313e+18,10.0,58,
,4070,,,,,,,58,4.50065980815573e+18
9.999999999999994e-05,4099,,,,,,,,
9.999999999999994e-05,4099,,,,,,,,
9.999999999999994e-05,4099,,,,,,,,
,4099,6.180929640075588e+23,6.180851097298087e+23,5.252589147234763e+18,1.4678583310024704e+18,1.176050556330836e+18,10.0,59,
,4139,,,,,,,59,4.5019135262893015e+18
9.999999999999994e-05,4149,,,,,,,,
9.999999999999994e-05,4149,,,,,,,,
9.999999999999994e-05,4149,,,,,,,,
,4149,1.7214317102145016e+26,1.7214317102145016e+26,5.300264521170944e+18,1.4210785092871127e+18,1.1198512185003213e+18,10.0,60,
9.999999999999994e-05,4199,,,,,,,,
9.999999999999994e-05,4199,,,,,,,,
9.999999999999994e-05,4199,,,,,,,,
,4199,2.6537227002636976e+29,2.6537227002636976e+29,5.267240139674878e+18,1.416383869514416e+18,1.4484911208739635e+18,10.0,60,
,4208,,,,,,,60,4.5004662941092413e+18
9.999999999999994e-05,4249,,,,,,,,
9.999999999999994e-05,4249,,,,,,,,
9.999999999999994e-05,4249,,,,,,,,
,4249,1.5138346201957494e+28,1.5138346201957494e+28,4.102788606383358e+18,1.4157057457179853e+18,1.2404921082010665e+18,10.0,61,
,4277,,,,,,,61,4.4982903605978726e+18
9.999999999999994e-05,4299,,,,,,,,
9.999999999999994e-05,4299,,,,,,,,
9.999999999999994e-05,4299,,,,,,,,
,4299,2.103449021405176e+30,2.103449021405176e+30,4.0455829405355213e+18,1.4555652412481208e+18,1.119489479174783e+18,10.0,62,
,4346,,,,,,,62,4.5031653202775245e+18
9.999999999999994e-05,4349,,,,,,,,
9.999999999999994e-05,4349,,,,,,,,
9.999999999999994e-05,4349,,,,,,,,
,4349,2.107070509813559e+30,2.107070509813559e+30,4.140922418413699e+18,1.361322663657603e+18,8.414416802079048e+17,10.0,63,
9.999999999999994e-05,4399,,,,,,,,
9.999999999999994e-05,4399,,,,,,,,
9.999999999999994e-05,4399,,,,,,,,
,4399,2.1018586794894728e+30,2.1018586794894728e+30,4.625081918344397e+18,1.410170529305854e+18,1.2629714859919933e+18,10.0,63,
,4415,,,,,,,63,4.5004025224348303e+18
9.999999999999994e-05,4449,,,,,,,,
9.999999999999994e-05,4449,,,,,,,,
9.999999999999994e-05,4449,,,,,,,,
,4449,1.5130880140548077e+28,1.5130880140548077e+28,4.60995703639271e+18,1.411304675549905e+18,1.1028013665663058e+18,10.0,64,
,4484,,,,,,,64,4.5017623434404823e+18
9.999999999999994e-05,4499,,,,,,,,
9.999999999999994e-05,4499,,,,,,,,
9.999999999999994e-05,4499,,,,,,,,
,4499,1.516942527637288e+28,1.516942527637288e+28,4.086409181664379e+18,1.355315207001342e+18,1.0271645185825833e+18,10.0,65,
9.999999999999994e-05,4549,,,,,,,,
9.999999999999994e-05,4549,,,,,,,,
9.999999999999994e-05,4549,,,,,,,,
,4549,1.2510465330008686e+30,1.2510465330008686e+30,5.225486185610084e+18,1.405391364576772e+18,1.26339094967799e+18,10.0,65,
,4553,,,,,,,65,4.5081680981839053e+18
9.999999999999994e-05,4599,,,,,,,,
9.999999999999994e-05,4599,,,,,,,,
9.999999999999994e-05,4599,,,,,,,,
,4599,1.248849839228765e+30,1.248849839228765e+30,4.62879826764628e+18,1.5197753459207045e+18,9.045231361945764e+17,10.0,66,
,4622,,,,,,,66,4.507443520021201e+18
9.999999999999994e-05,4649,,,,,,,,
9.999999999999994e-05,4649,,,,,,,,
9.999999999999994e-05,4649,,,,,,,,
,4649,6.209485344016879e+23,6.209404639511556e+23,5.26163263037322e+18,1.4130537236717896e+18,1.3589020888090542e+18,10.0,67,
,4691,,,,,,,67,4.50603861903881e+18
9.999999999999994e-05,4699,,,,,,,,
9.999999999999994e-05,4699,,,,,,,,
9.999999999999994e-05,4699,,,,,,,,
,4699,2.1032963945204495e+30,2.1032963945204495e+30,5.300996246159229e+18,1.392276664758567e+18,1.1335905783620567e+18,10.0,68,
9.999999999999994e-05,4749,,,,,,,,
9.999999999999994e-05,4749,,,,,,,,
9.999999999999994e-05,4749,,,,,,,,
,4749,6.513688006463038e+23,6.513610904837417e+23,4.658129389584646e+18,1.483690198930817e+18,1.4895815196713943e+18,10.0,68,
,4760,,,,,,,68,4.503933604027433e+18
9.999999999999994e-05,4799,,,,,,,,
9.999999999999994e-05,4799,,,,,,,,
9.999999999999994e-05,4799,,,,,,,,
,4799,2.647184489420835e+29,2.647184489420835e+29,4.110381833684779e+18,1.469902048240599e+18,8.667568359258194e+17,10.0,69,
,4829,,,,,,,69,4.503044648876376e+18
9.999999999999994e-05,4849,,,,,,,,
9.999999999999994e-05,4849,,,,,,,,
9.999999999999994e-05,4849,,,,,,,,
,4849,2.104963805457153e+30,2.104963805457153e+30,4.641477835737793e+18,1.3846632339309855e+18,1.1093865478634865e+18,10.0,70,
,4898,,,,,,,70,4.502594398864802e+18
9.999999999999994e-05,4899,,,,,,,,
9.999999999999994e-05,4899,,,,,,,,
9.999999999999994e-05,4899,,,,,,,,
,4899,2.6576813656389575e+29,2.6576813656389575e+29,5.284792743300694e+18,1.3735866163538166e+18,1.0327923688493548e+18,10.0,71,
9.999999999999994e-05,4949,,,,,,,,
9.999999999999994e-05,4949,,,,,,,,
9.999999999999994e-05,4949,,,,,,,,
,4949,2.654507179783832e+29,2.654507179783832e+29,5.336270778201539e+18,1.3663309391221228e+18,1.1427465552839311e+18,10.0,71,
,4967,,,,,,,71,4.504317333585527e+18
9.999999999999994e-05,4999,,,,,,,,
9.999999999999994e-05,4999,,,,,,,,
9.999999999999994e-05,4999,,,,,,,,
,4999,1.25203800328868e+30,1.25203800328868e+30,4.1346804909028147e+18,1.5155977514909696e+18,1.3886218881078395e+18,10.0,72,
,5036,,,,,,,72,4.501773613434667e+18
9.999999999999994e-05,5049,,,,,,,,
9.999999999999994e-05,5049,,,,,,,,
9.999999999999994e-05,5049,,,,,,,,
,5049,2.8047343019672433e+23,2.8046608032213246e+23,4.620252313519391e+18,1.4344039030209905e+18,1.2984949199790408e+18,11.0,73,
9.999999999999994e-05,5099,,,,,,,,
9.999999999999994e-05,5099,,,,,,,,
9.999999999999994e-05,5099,,,,,,,,
,5099,1.6702643038692227e+30,1.6702643038692227e+30,5.210420677286298e+18,1.3940306606827766e+18,1.406503658027221e+18,11.0,73,
,5105,,,,,,,73,4.510191199579013e+18
9.999999999999994e-05,5149,,,,,,,,
9.999999999999994e-05,5149,,,,,,,,
9.999999999999994e-05,5149,,,,,,,,
,5149,2.0855405987763146e+30,2.0855405987763146e+30,4.666354836072038e+18,1.4038399536699802e+18,1.2476673836449792e+18,11.0,74,
,5174,,,,,,,74,4.5048681889110426e+18
9.999999999999994e-05,5199,,,,,,,,
9.999999999999994e-05,5199,,,,,,,,
9.999999999999994e-05,5199,,,,,,,,
,5199,6.395819026356647e+29,6.395819026356647e+29,4.535177051564409e+18,1.4975604006762578e+18,1.1346107189942026e+18,11.0,75,
,5243,,,,,,,75,4.501509730644001e+18
9.999999999999994e-05,5249,,,,,,,,
9.999999999999994e-05,5249,,,,,,,,
9.999999999999994e-05,5249,,,,,,,,
,5249,6.400721220555184e+29,6.400721220555184e+29,4.481981579500978e+18,1.4281353123531325e+18,1.2337016618268754e+18,11.0,76,
9.999999999999994e-05,5299,,,,,,,,
9.999999999999994e-05,5299,,,,,,,,
9.999999999999994e-05,5299,,,,,,,,
,5299,3.9803882610811666e+27,3.9803882610811666e+27,5.271202779581383e+18,1.3744079515397652e+18,9.054729080825446e+17,11.0,76,
,5312,,,,,,,76,4.501542990870741e+18
9.999999999999994e-05,5349,,,,,,,,
9.999999999999994e-05,5349,,,,,,,,
9.999999999999994e-05,5349,,,,,,,,
,5349,6.976678973682033e+25,6.9766785125134315e+25,4.542235916214731e+18,1.396421136400515e+18,1.608364784477012e+18,11.0,77,
,5381,,,,,,,77,4.5020710313299804e+18
9.999999999999994e-05,5399,,,,,,,,
9.999999999999994e-05,5399,,,,,,,,
9.999999999999994e-05,5399,,,,,,,,
,5399,2.0876690637974736e+30,2.0876690637974736e+30,4.510338259259228e+18,1.3735866163538166e+18,1.0327923688493548e+18,11.0,78,
9.999999999999994e-05,5449,,,,,,,,
9.999999999999994e-05,5449,,,,,,,,
9.999999999999994e-05,5449,,,,,,,,
,5449,6.401683827739052e+29,6.401683827739052e+29,4.6103627561833595e+18,1.42522215629534e+18,1.5047833674370253e+18,11.0,78,
,5450,,,,,,,78,4.5036174944344474e+18
9.999999999999994e-05,5499,,,,,,,,
9.999999999999994e-05,5499,,,,,,,,
9.999999999999994e-05,5499,,,,,,,,
,5499,8.98419456370369e+28,8.98419456370369e+28,4.503785994591404e+18,1.3336212928295076e+18,9.893477094984253e+17,11.0,79,
,5519,,,,,,,79,4.501085594033586e+18
9.999999999999994e-05,5549,,,,,,,,
9.999999999999994e-05,5549,,,,,,,,
9.999999999999994e-05,5549,,,,,,,,
,5549,2.689501779165625e+23,2.6894304421475274e+23,4.528666293460533e+18,1.3959839430895206e+18,1.229087148964053e+18,11.0,80,
,5588,,,,,,,80,4.504958623742427e+18
9.999999999999994e-05,5599,,,,,,,,
9.999999999999994e-05,5599,,,,,,,,
9.999999999999994e-05,5599,,,,,,,,
,5599,6.391417780794612e+29,6.391417780794612e+29,4.5869294146163835e+18,1.4147439479215882e+18,9.206786728583496e+17,11.0,81,
9.999999999999994e-05,5649,,,,,,,,
9.999999999999994e-05,5649,,,,,,,,
9.999999999999994e-05,5649,,,,,,,,
,5649,3.9886771948502235e+27,3.9886771948502235e+27,4.648122184504443e+18,1.3663309391221228e+18,1.1427465552839311e+18,11.0,81,
,5657,,,,,,,81,4.499196083301253e+18
9.999999999999994e-05,5699,,,,,,,,
9.999999999999994e-05,5699,,,,,,,,
9.999999999999994e-05,5699,,,,,,,,
,5699,8.987795840383527e+28,8.987795840383527e+28,4.714656381880238e+18,1.3462933017785795e+18,1.0624347212978586e+18,11.0,82,
,5726,,,,,,,82,4.502540522795041e+18
9.999999999999994e-05,5749,,,,,,,,
9.999999999999994e-05,5749,,,,,,,,
9.999999999999994e-05,5749,,,,,,,,
,5749,6.963453580518387e+25,6.9634531193497855e+25,4.613770692473651e+18,1.334703487149146e+18,1.1529790915283517e+18,11.0,83,
,5795,,,,,,,83,4.5076282379746673e+18
9.999999999999994e-05,5799,,,,,,,,
9.999999999999994e-05,5799,,,,,,,,
9.999999999999994e-05,5799,,,,,,,,
,5799,6.965946657979949e+25,6.965946196811347e+25,5.204617454914896e+18,1.429737850550616e+18,1.0246212794680607e+18,11.0,84,
9.999999999999994e-05,5849,,,,,,,,
9.999999999999994e-05,5849,,,,,,,,
9.999999999999994e-05,5849,,,,,,,,
,5849,6.961583541837915e+25,6.961583080669313e+25,4.652156842422567e+18,1.4491945334378332e+18,1.2016836083481313e+18,11.0,84,
,5864,,,,,,,84,4.503888798928601e+18
9.999999999999994e-05,5899,,,,,,,,
9.999999999999994e-05,5899,,,,,,,,
9.999999999999994e-05,5899,,,,,,,,
,5899,2.0877730314179604e+30,2.0877730314179604e+30,4.5584784517360517e+18,1.3979867035195146e+18,1.1490998083471278e+18,11.0,85,
,5933,,,,,,,85,4.5014717974928425e+18
9.999999999999994e-05,5949,,,,,,,,
9.999999999999994e-05,5949,,,,,,,,
9.999999999999994e-05,5949,,,,,,,,
,5949,4.0003278632592733e+27,4.0003278632592733e+27,4.58901738719753e+18,1.5167881102669906e+18,1.0584612237140296e+18,11.0,86,
9.999999999999994e-05,5999,,,,,,,,
9.999999999999994e-05,5999,,,,,,,,
9.999999999999994e-05,5999,,,,,,,,
,5999,6.965447673552755e+25,6.9654472123841535e+25,5.201748829078028e+18,1.3536149497079398e+18,1.243405539136766e+18,11.0,86,
,6002,,,,,,,86,4.502155418847412e+18
9.999999999999994e-05,6049,,,,,,,,
9.999999999999994e-05,6049,,,,,,,,
9.999999999999994e-05,6049,,,,,,,,
,6049,6.975515906468186e+25,6.975515445299584e+25,4.744474587469709e+18,1.4959075598218035e+18,7.90470520167465e+17,11.0,87,
,6071,,,,,,,87,4.5034836288937656e+18
9.999999999999994e-05,6099,,,,,,,,
9.999999999999994e-05,6099,,,,,,,,
9.999999999999994e-05,6099,,,,,,,,
,6099,6.396353976031826e+29,6.396353976031826e+29,4.653483952957293e+18,1.3584261377131807e+18,9.305216383891538e+17,11.0,88,
,6140,,,,,,,88,4.500355518312743e+18
9.999999999999994e-05,6149,,,,,,,,
9.999999999999994e-05,6149,,,,,,,,
9.999999999999994e-05,6149,,,,,,,,
,6149,2.703068602827101e+23,2.7029949239371972e+23,4.627253453809254e+18,1.3801089193297838e+18,1.3543462623793644e+18,11.0,89,
9.999999999999994e-05,6199,,,,,,,,
9.999999999999994e-05,6199,,,,,,,,
9.999999999999994e-05,6199,,,,,,,,
,6199,2.6786407181602732e+23,2.6785684804222502e+23,4.5897559841334886e+18,1.3800867916582748e+18,1.2415106682852475e+18,11.0,89,
,6209,,,,,,,89,4.507797287887438e+18
9.999999999999994e-05,6249,,,,,,,,
9.999999999999994e-05,6249,,,,,,,,
9.999999999999994e-05,6249,,,,,,,,
,6249,2.46971674986272e+23,2.469644692268682e+23,4.656638451817382e+18,1.416915208508539e+18,1.1408050239077089e+18,11.0,90,
,6278,,,,,,,90,4.4962829272434606e+18
9.999999999999994e-05,6299,,,,,,,,
9.999999999999994e-05,6299,,,,,,,,
9.999999999999994e-05,6299,,,,,,,,
,6299,1.6767909921378672e+30,1.6767909921378672e+30,4.4895300017035674e+18,1.4344039030209905e+18,1.2984949199790408e+18,11.0,91,
,6347,,,,,,,91,4.4981625423711437e+18
9.999999999999994e-05,6349,,,,,,,,
9.999999999999994e-05,6349,,,,,,,,
9.999999999999994e-05,6349,,,,,,,,
,6349,8.994754719632684e+28,8.994754719632684e+28,4.654322330573472e+18,1.422696715525292e+18,8.99146455615275e+17,11.0,92,
9.999999999999994e-05,6399,,,,,,,,
9.999999999999994e-05,6399,,,,,,,,
9.999999999999994e-05,6399,,,,,,,,
,6399,1.6747315870041537e+30,1.6747315870041537e+30,4.610129659718271e+18,1.4185882528891535e+18,1.1950227669070643e+18,11.0,92,
,6416,,,,,,,92,4.504847573068022e+18
9.999999999999994e-05,6449,,,,,,,,
9.999999999999994e-05,6449,,,,,,,,
9.999999999999994e-05,6449,,,,,,,,
,6449,2.4706439186145547e+28,2.4706439186145547e+28,4.638901130238099e+18,1.4100410618116833e+18,1.2033187195775877e+18,12.0,93,
,6485,,,,,,,93,4.504420412800631e+18
9.999999999999994e-05,6499,,,,,,,,
9.999999999999994e-05,6499,,,,,,,,
9.999999999999994e-05,6499,,,,,,,,
,6499,2.0947136256640955e+30,2.0947136256640955e+30,6.113804719434498e+18,1.4280054325421015e+18,8.867453388434964e+17,12.0,94,
9.999999999999994e-05,6549,,,,,,,,
9.999999999999994e-05,6549,,,,,,,,
9.999999999999994e-05,6549,,,,,,,,
,6549,1.6275677588384398e+25,1.627567067085537e+25,4.628881280774177e+18,1.472928041679192e+18,1.3260174827286692e+18,12.0,94,
,6554,,,,,,,94,4.503850316021629e+18
9.999999999999994e-05,6599,,,,,,,,
9.999999999999994e-05,6599,,,,,,,,
9.999999999999994e-05,6599,,,,,,,,
,6599,1.2260849809519938e+27,1.2260849809519938e+27,4.553514706492457e+18,1.4156366139243889e+18,1.4058399653209047e+18,12.0,95,
,6623,,,,,,,95,4.5060749029225267e+18
9.999999999999994e-05,6649,,,,,,,,
9.999999999999994e-05,6649,,,,,,,,
9.999999999999994e-05,6649,,,,,,,,
,6649,2.17594860503892e+30,2.17594860503892e+30,4.587558885023285e+18,1.416383869514416e+18,1.4484911208739635e+18,12.0,96,
,6692,,,,,,,96,4.50412546880648e+18
9.999999999999994e-05,6699,,,,,,,,
9.999999999999994e-05,6699,,,,,,,,
9.999999999999994e-05,6699,,,,,,,,
,6699,1.0756483970941242e+30,1.0756483970941242e+30,5.281930714533593e+18,1.4600255476051476e+18,1.1715580892586967e+18,12.0,97,
9.999999999999994e-05,6749,,,,,,,,
9.999999999999994e-05,6749,,,,,,,,
9.999999999999994e-05,6749,,,,,,,,
,6749,2.0958608962669097e+30,2.0958608962669097e+30,6.13894560255941e+18,1.4138750588577382e+18,8.717708838263849e+17,12.0,97,
,6761,,,,,,,97,4.502219740277637e+18
9.999999999999994e-05,6799,,,,,,,,
9.999999999999994e-05,6799,,,,,,,,
9.999999999999994e-05,6799,,,,,,,,
,6799,2.8082222866424913e+29,2.8082222866424913e+29,4.596337385859449e+18,1.4717324602229391e+18,1.2168945270846915e+18,12.0,98,
,6830,,,,,,,98,4.504665878771532e+18
9.999999999999994e-05,6849,,,,,,,,
9.999999999999994e-05,6849,,,,,,,,
9.999999999999994e-05,6849,,,,,,,,
,6849,1.0777156602456652e+30,1.0777156602456652e+30,5.272782228034683e+18,1.4157057457179853e+18,1.2404921082010665e+18,12.0,99,
9.999999999999994e-05,6899,,,,,,,,
9.999999999999994e-05,6899,,,,,,,,
9.999999999999994e-05,6899,,,,,,,,
,6899,1.0049820398714132e+23,1.0049090815574498e+23,4.5688649883278377e+18,1.441913979755561e+18,1.2862441614223606e+18,12.0,99,
,6899,,,,,,,99,4.503957518405337e+18
9.999999999999994e-05,6949,,,,,,,,
9.999999999999994e-05,6949,,,,,,,,
9.999999999999994e-05,6949,,,,,,,,
,6949,1.226551757364035e+27,1.226551757364035e+27,4.623010988193481e+18,1.4515063940741857e+18,8.892351829245952e+17,12.0,100,
,6968,,,,,,,100,4.5056386716842066e+18
9.999999999999994e-05,6999,,,,,,,,
9.999999999999994e-05,6999,,,,,,,,
9.999999999999994e-05,6999,,,,,,,,
,6999,1.0733384420842955e+30,1.0733384420842955e+30,5.24552588453793e+18,1.4514101868067553e+18,1.264367316003455e+18,12.0,101,
,7037,,,,,,,101,4.499937154138374e+18
9.999999999999994e-05,7049,,,,,,,,
9.999999999999994e-05,7049,,,,,,,,
9.999999999999994e-05,7049,,,,,,,,
,7049,9.09096080349053e+22,9.090081700843268e+22,6.106695827005112e+18,1.4717324602229391e+18,1.2168945270846915e+18,12.0,102,
9.999999999999994e-05,7099,,,,,,,,
9.999999999999994e-05,7099,,,,,,,,
9.999999999999994e-05,7099,,,,,,,,
,7099,1.0765600782778411e+30,1.0765600782778411e+30,5.301782946728903e+18,1.5185188790080635e+18,1.0093182079131976e+18,12.0,102,
,7106,,,,,,,102,4.5043044143239004e+18
9.999999999999994e-05,7149,,,,,,,,
9.999999999999994e-05,7149,,,,,,,,
9.999999999999994e-05,7149,,,,,,,,
,7149,2.169627736391065e+30,2.169627736391065e+30,5.198959917834174e+18,1.4772921407687885e+18,1.3365668844803195e+18,12.0,103,
,7175,,,,,,,103,4.4995418797081887e+18
9.999999999999994e-05,7199,,,,,,,,
9.999999999999994e-05,7199,,,,,,,,
9.999999999999994e-05,7199,,,,,,,,
,7199,1.2251897973555848e+27,1.2251897973555848e+27,5.266404510837768e+18,1.4652376450376663e+18,1.5497359382659727e+18,12.0,104,
,7244,,,,,,,104,4.508787672986157e+18
9.999999999999994e-05,7249,,,,,,,,
9.999999999999994e-05,7249,,,,,,,,
9.999999999999994e-05,7249,,,,,,,,
,7249,2.1762020261138568e+30,2.1762020261138568e+30,5.272182444441731e+18,1.36071174750942e+18,1.1531831883742577e+18,12.0,105,
9.999999999999994e-05,7299,,,,,,,,
9.999999999999994e-05,7299,,,,,,,,
9.999999999999994e-05,7299,,,,,,,,
,7299,9.968898819889613e+22,9.968097179155941e+22,5.282609662963745e+18,1.46583591680213e+18,1.267734845241426e+18,12.0,105,
,7313,,,,,,,105,4.4983648525106545e+18
9.999999999999994e-05,7349,,,,,,,,
9.999999999999994e-05,7349,,,,,,,,
9.999999999999994e-05,7349,,,,,,,,
,7349,2.4507726726912875e+28,2.4507726726912875e+28,5.18035838011546e+18,1.479439486977835e+18,1.2119118152655176e+18,12.0,106,
,7382,,,,,,,106,4.4981248840978924e+18
9.999999999999994e-05,7399,,,,,,,,
9.999999999999994e-05,7399,,,,,,,,
9.999999999999994e-05,7399,,,,,,,,
,7399,1.0763654412208831e+30,1.0763654412208831e+30,4.607381430404645e+18,1.5059918681549046e+18,9.068965007626076e+17,12.0,107,
9.999999999999994e-05,7449,,,,,,,,
9.999999999999994e-05,7449,,,,,,,,
9.999999999999994e-05,7449,,,,,,,,
,7449,1.2213149480824377e+27,1.2213149480824377e+27,6.146775774616617e+18,1.4144676956251095e+18,7.830503285084652e+17,12.0,107,
,7451,,,,,,,107,4.499927533411631e+18
9.999999999999994e-05,7499,,,,,,,,
9.999999999999994e-05,7499,,,,,,,,
9.999999999999994e-05,7499,,,,,,,,
,7499,2.0933487484137505e+30,2.0933487484137505e+30,6.160220602801062e+18,1.4837137009918607e+18,1.1551922709961114e+18,12.0,108,
,7520,,,,,,,108,4.5029250769868554e+18
9.999999999999994e-05,7549,,,,,,,,
9.999999999999994e-05,7549,,,,,,,,
9.999999999999994e-05,7549,,,,,,,,
,7549,9.426317746862972e+22,9.425519709009002e+22,5.276709133813285e+18,1.4445119882930422e+18,1.2626614237129605e+18,12.0,109,
,7589,,,,,,,109,4.5004465028999414e+18
9.999999999999994e-05,7599,,,,,,,,
9.999999999999994e-05,7599,,,,,,,,
9.999999999999994e-05,7599,,,,,,,,
,7599,2.172232820416607e+30,2.172232820416607e+30,6.129439774781473e+18,1.415805526398206e+18,1.1052409079904338e+18,12.0,110,
9.999999999999994e-05,7649,,,,,,,,
9.999999999999994e-05,7649,,,,,,,,
9.999999999999994e-05,7649,,,,,,,,
,7649,2.0942865726183166e+30,2.0942865726183166e+30,5.21556364292522e+18,1.3600303251781059e+18,1.1187587162591724e+18,12.0,110,
,7658,,,,,,,110,4.5054616503121347e+18
9.999999999999994e-05,7699,,,,,,,,
9.999999999999994e-05,7699,,,,,,,,
9.999999999999994e-05,7699,,,,,,,,
,7699,1.6997603599845572e+25,1.699759552939504e+25,5.231410354260541e+18,1.4423078797962117e+18,1.380746361195987e+18,12.0,111,
,7727,,,,,,,111,4.5043033148122726e+18
9.999999999999994e-05,7749,,,,,,,,
9.999999999999994e-05,7749,,,,,,,,
9.999999999999994e-05,7749,,,,,,,,
,7749,2.806084754677685e+29,2.806084754677685e+29,6.131666285827719e+18,1.3979867035195146e+18,1.1490998083471278e+18,12.0,112,
,7796,,,,,,,112,4.501081195987075e+18
9.999999999999994e-05,7799,,,,,,,,
9.999999999999994e-05,7799,,,,,,,,
9.999999999999994e-05,7799,,,,,,,,
,7799,2.0972945311732452e+30,2.0972945311732452e+30,6.080248174310588e+18,1.403374860251431e+18,1.3626675038173266e+18,12.0,113,
9.999999999999994e-05,7849,,,,,,,,
9.999999999999994e-05,7849,,,,,,,,
9.999999999999994e-05,7849,,,,,,,,
,7849,1.741686811668187e+25,1.7416860046231338e+25,6.14842064401177e+18,1.4147439479215882e+18,9.206786728583496e+17,12.0,113,
,7865,,,,,,,113,4.505660387038855e+18
9.999999999999994e-05,7899,,,,,,,,
9.999999999999994e-05,7899,,,,,,,,
9.999999999999994e-05,7899,,,,,,,,
,7899,1.0742407540929104e+30,1.0742407540929104e+30,4.633654810506166e+18,1.3919656404068598e+18,1.1292749952230359e+18,12.0,114,
,7934,,,,,,,114,4.5054039259516764e+18
9.999999999999994e-05,7949,,,,,,,,
9.999999999999994e-05,7949,,,,,,,,
9.999999999999994e-05,7949,,,,,,,,
,7949,1.2271184413419793e+27,1.2271184413419793e+27,5.249133382188663e+18,1.4130537236717896e+18,1.3589020888090542e+18,12.0,115,
9.999999999999994e-05,7999,,,,,,,,
9.999999999999994e-05,7999,,,,,,,,
9.999999999999994e-05,7999,,,,,,,,
,7999,1.0372117198603335e+28,1.0372117198603335e+28,5.06412625716419e+18,1.494550487595221e+18,1.2022384494032978e+18,13.0,115,
,8003,,,,,,,115,4.505420693504e+18
9.999999999999994e-05,8049,,,,,,,,
9.999999999999994e-05,8049,,,,,,,,
9.999999999999994e-05,8049,,,,,,,,
,8049,4.041777549618946e+26,4.041777549618946e+26,4.717468932624089e+18,1.415805526398206e+18,1.1052409079904338e+18,13.0,116,
,8072,,,,,,,116,4.49827799109206e+18
9.999999999999994e-05,8099,,,,,,,,
9.999999999999994e-05,8099,,,,,,,,
9.999999999999994e-05,8099,,,,,,,,
,8099,4.045666861139447e+26,4.045666861139447e+26,5.031355313098326e+18,1.410113217262256e+18,1.327196159193645e+18,13.0,117,
,8141,,,,,,,117,4.5077590798583726e+18
9.999999999999994e-05,8149,,,,,,,,
9.999999999999994e-05,8149,,,,,,,,
9.999999999999994e-05,8149,,,,,,,,
,8149,6.62467321748152e+29,6.62467321748152e+29,5.365561767965491e+18,1.4588663874715648e+18,1.2672292073316024e+18,13.0,118,
9.999999999999994e-05,8199,,,,,,,,
9.999999999999994e-05,8199,,,,,,,,
9.999999999999994e-05,8199,,,,,,,,
,8199,5.087938526502079e+22,5.08717696780509e+22,4.634873619145556e+18,1.391117779502891e+18,1.5890313843310592e+18,13.0,118,
,8210,,,,,,,118,4.5074311505153884e+18
9.999999999999994e-05,8249,,,,,,,,
9.999999999999994e-05,8249,,,,,,,,
9.999999999999994e-05,8249,,,,,,,,
,8249,1.4798831191434933e+30,1.4798831191434933e+30,5.109298592879739e+18,1.3801089193297838e+18,1.3543462623793644e+18,13.0,119,
,8279,,,,,,,119,4.505301671370293e+18
9.999999999999994e-05,8299,,,,,,,,
9.999999999999994e-05,8299,,,,,,,,
9.999999999999994e-05,8299,,,,,,,,
,8299,6.636927191820588e+29,6.636927191820588e+29,4.660484543491342e+18,1.410170529305854e+18,1.2629714859919933e+18,13.0,120,
,8348,,,,,,,120,4.5069850236724183e+18
9.999999999999994e-05,8349,,,,,,,,
9.999999999999994e-05,8349,,,,,,,,
9.999999999999994e-05,8349,,,,,,,,
,8349,5.273988982508195e+22,5.273291374925915e+22,4.5718608826356204e+18,1.3735866163538166e+18,1.0327923688493548e+18,13.0,121,
9.999999999999994e-05,8399,,,,,,,,
9.999999999999994e-05,8399,,,,,,,,
9.999999999999994e-05,8399,,,,,,,,
,8399,1.0403041615516407e+28,1.0403041615516407e+28,4.653592804608442e+18,1.4645093560232182e+18,1.345544809237971e+18,13.0,121,
,8417,,,,,,,121,4.501787357330014e+18
9.999999999999994e-05,8449,,,,,,,,
9.999999999999994e-05,8449,,,,,,,,
9.999999999999994e-05,8449,,,,,,,,
,8449,2.101795210883943e+30,2.101795210883943e+30,4.688321978883375e+18,1.390276515668689e+18,1.4914119316537344e+18,13.0,122,
,8486,,,,,,,122,4.5104256704336364e+18
9.999999999999994e-05,8499,,,,,,,,
9.999999999999994e-05,8499,,,,,,,,
9.999999999999994e-05,8499,,,,,,,,
,8499,1.039886822413717e+28,1.039886822413717e+28,5.382409584637903e+18,1.46571043503761e+18,1.272626435034448e+18,13.0,123,
9.999999999999994e-05,8549,,,,,,,,
9.999999999999994e-05,8549,,,,,,,,
9.999999999999994e-05,8549,,,,,,,,
,8549,4.517719763282191e+22,4.516994233382221e+22,4.691684285441114e+18,1.3840924499572163e+18,1.182176210487083e+18,13.0,123,
,8555,,,,,,,123,4.500531715051094e+18
9.999999999999994e-05,8599,,,,,,,,
9.999999999999994e-05,8599,,,,,,,,
9.999999999999994e-05,8599,,,,,,,,
,8599,1.47608966103727e+30,1.47608966103727e+30,4.710525516694684e+18,1.4950349599062098e+18,1.485116677828903e+18,13.0,124,
,8624,,,,,,,124,4.504189790236705e+18
9.999999999999994e-05,8649,,,,,,,,
9.999999999999994e-05,8649,,,,,,,,
9.999999999999994e-05,8649,,,,,,,,
,8649,6.636189747070623e+29,6.636189747070623e+29,4.659037586189189e+18,1.390276515668689e+18,1.4914119316537344e+18,13.0,125,
,8693,,,,,,,125,4.5018843892311654e+18
9.999999999999994e-05,8699,,,,,,,,
9.999999999999994e-05,8699,,,,,,,,
9.999999999999994e-05,8699,,,,,,,,
,8699,6.63375905059456e+29,6.63375905059456e+29,4.684848621651231e+18,1.3536149497079398e+18,1.243405539136766e+18,13.0,126,
9.999999999999994e-05,8749,,,,,,,,
9.999999999999994e-05,8749,,,,,,,,
9.999999999999994e-05,8749,,,,,,,,
,8749,1.0403548089321695e+28,1.0403548089321695e+28,4.662722049653866e+18,1.3665080979331482e+18,8.091736252727951e+17,13.0,126,
,8762,,,,,,,126,4.5085735430966477e+18
9.999999999999994e-05,8799,,,,,,,,
9.999999999999994e-05,8799,,,,,,,,
9.999999999999994e-05,8799,,,,,,,,
,8799,6.635842936476121e+29,6.635842936476121e+29,4.6091593407067587e+18,1.4361936330731028e+18,1.2979319700256195e+18,13.0,127,
,8831,,,,,,,127,4.505591942440026e+18
9.999999999999994e-05,8849,,,,,,,,
9.999999999999994e-05,8849,,,,,,,,
9.999999999999994e-05,8849,,,,,,,,
,8849,1.0393003044965447e+28,1.0393003044965447e+28,5.035203054039728e+18,1.403374860251431e+18,1.3626675038173266e+18,13.0,128,
9.999999999999994e-05,8899,,,,,,,,
9.999999999999994e-05,8899,,,,,,,,
9.999999999999994e-05,8899,,,,,,,,
,8899,1.1948745125921802e+29,1.1948745125921802e+29,5.063447858489852e+18,1.4021112465132093e+18,1.1202811275467817e+18,13.0,128,
,8900,,,,,,,128,4.5093250592942326e+18
9.999999999999994e-05,8949,,,,,,,,
9.999999999999994e-05,8949,,,,,,,,
9.999999999999994e-05,8949,,,,,,,,
,8949,2.1973804419690482e+30,2.1973804419690482e+30,4.625041786169983e+18,1.355460205097255e+18,9.057145257627484e+17,13.0,129,
,8969,,,,,,,129,4.503546575934456e+18
9.999999999999994e-05,8999,,,,,,,,
9.999999999999994e-05,8999,,,,,,,,
9.999999999999994e-05,8999,,,,,,,,
,8999,1.4777345557305832e+30,1.4777345557305832e+30,4.668349350164824e+18,1.449592831524995e+18,1.2272079461532303e+18,13.0,130,
,9038,,,,,,,130,4.50054106089993e+18
9.999999999999994e-05,9049,,,,,,,,
9.999999999999994e-05,9049,,,,,,,,
9.999999999999994e-05,9049,,,,,,,,
,9049,4.733367425679423e+22,4.7326216295811306e+22,4.724614108937191e+18,1.3801089193297838e+18,1.3543462623793644e+18,13.0,131,
9.999999999999994e-05,9099,,,,,,,,
9.999999999999994e-05,9099,,,,,,,,
9.999999999999994e-05,9099,,,,,,,,
,9099,1.4787740808197243e+30,1.4787740808197243e+30,5.118828060157673e+18,1.399005675920556e+18,9.409943492047667e+17,13.0,131,
,9107,,,,,,,131,4.501739528574206e+18
9.999999999999994e-05,9149,,,,,,,,
9.999999999999994e-05,9149,,,,,,,,
9.999999999999994e-05,9149,,,,,,,,
,9149,6.441854943888132e+24,6.441847449898352e+24,5.366451272872362e+18,1.3400960419275735e+18,1.1030280721200579e+18,13.0,132,
,9176,,,,,,,132,4.5055608812365414e+18
9.999999999999994e-05,9199,,,,,,,,
9.999999999999994e-05,9199,,,,,,,,
9.999999999999994e-05,9199,,,,,,,,
,9199,4.0365261305160424e+26,4.0365261305160424e+26,4.668706691443851e+18,1.410170529305854e+18,1.2629714859919933e+18,13.0,133,
